{"mean":{"confidence_interval":{"confidence_level":0.99,"lower_bound":-0.016917585406971154,"upper_bound":-0.011738216421356832},"point_estimate":-0.014194531524000298,"standard_error":0.001001471973632055},"median":{"confidence_interval":{"confidence_level":0.99,"lower_bound":-0.011738482010453466,"upper_bound":-0.009556999598759974},"point_estimate":-0.01051443259994489,"standard_error":0.00046985813151562394}}