{"mean":{"confidence_interval":{"confidence_level":0.99,"lower_bound":-0.0030841920071511485,"upper_bound":0.0009200345927380961},"point_estimate":-0.0010999693029913882,"standard_error":0.0007725407664681337},"median":{"confidence_interval":{"confidence_level":0.99,"lower_bound":-0.0019131786417335706,"upper_bound":-0.0010557030005895513},"point_estimate":-0.0014613520865286445,"standard_error":0.0001582382884584988}}