{"mean":{"confidence_interval":{"confidence_level":0.99,"lower_bound":-0.04622186142778457,"upper_bound":0.001709875378330364},"point_estimate":-0.022034293581564612,"standard_error":0.009365672598074843},"median":{"confidence_interval":{"confidence_level":0.99,"lower_bound":-0.021471979316551607,"upper_bound":-0.0018734831867849948},"point_estimate":-0.010759666986877914,"standard_error":0.0035569808512130774}}