{"mean":{"confidence_interval":{"confidence_level":0.99,"lower_bound":-0.018590136323160044,"upper_bound":-0.01310107939599381},"point_estimate":-0.01576005457366425,"standard_error":0.001062031710673689},"median":{"confidence_interval":{"confidence_level":0.99,"lower_bound":-0.015970207740705122,"upper_bound":-0.014044633534761965},"point_estimate":-0.01477170126798566,"standard_error":0.0003534983639018982}}