{"mean":{"confidence_interval":{"confidence_level":0.99,"lower_bound":-0.007882709962781153,"upper_bound":0.006992038693028209},"point_estimate":0.0011313769688561237,"standard_error":0.002897402079514001},"median":{"confidence_interval":{"confidence_level":0.99,"lower_bound":0.002975591542800027,"upper_bound":0.008057703081992607},"point_estimate":0.005774759644326721,"standard_error":0.0009337224083048829}}