{"mean":{"confidence_interval":{"confidence_level":0.99,"lower_bound":0.008686649395377792,"upper_bound":0.01613356122743842},"point_estimate":0.012392310070636459,"standard_error":0.001442004734880368},"median":{"confidence_interval":{"confidence_level":0.99,"lower_bound":0.014063998764798928,"upper_bound":0.01930899186175748},"point_estimate":0.016948155959282785,"standard_error":0.0009836448177694501}}