{"mean":{"confidence_interval":{"confidence_level":0.99,"lower_bound":5316.390540980665,"upper_bound":5341.892672740786},"point_estimate":5328.288122910661,"standard_error":4.979588604302922},"median":{"confidence_interval":{"confidence_level":0.99,"lower_bound":5299.199812967581,"upper_bound":5300.66557591623},"point_estimate":5299.77319447584,"standard_error":0.30288752940781993},"median_abs_dev":{"confidence_interval":{"confidence_level":0.99,"lower_bound":5.08352515544976,"upper_bound":7.116345984389421},"point_estimate":6.021178078255519,"standard_error":0.36973725441894634},"slope":{"confidence_interval":{"confidence_level":0.99,"lower_bound":5300.062271929182,"upper_bound":5303.281883871663},"point_estimate":5301.358025665951,"standard_error":0.6332424044520445},"std_dev":{"confidence_interval":{"confidence_level":0.99,"lower_bound":78.71984739974093,"upper_bound":140.52573794061212},"point_estimate":111.37429049057822,"standard_error":11.926425843435497}}