{"mean":{"confidence_interval":{"confidence_level":0.99,"lower_bound":-0.006457698418054229,"upper_bound":-0.002335752181198765},"point_estimate":-0.004341270522582263,"standard_error":0.0008063650130573037},"median":{"confidence_interval":{"confidence_level":0.99,"lower_bound":-0.004690126791172158,"upper_bound":-0.0038710633446585206},"point_estimate":-0.004295523076277341,"standard_error":0.00017959412591529543}}