{"mean":{"confidence_interval":{"confidence_level":0.99,"lower_bound":-0.0021848637283777067,"upper_bound":0.00564137355491675},"point_estimate":0.0017188999039399189,"standard_error":0.0015263227005414323},"median":{"confidence_interval":{"confidence_level":0.99,"lower_bound":-0.000011819609542285359,"upper_bound":0.011146380426508689},"point_estimate":0.007344300691247252,"standard_error":0.0022710908055966774}}