{"mean":{"confidence_interval":{"confidence_level":0.99,"lower_bound":5201.583648863437,"upper_bound":5218.456253775295},"point_estimate":5209.889576231387,"standard_error":3.2771216163172934},"median":{"confidence_interval":{"confidence_level":0.99,"lower_bound":5192.576168001526,"upper_bound":5206.634592326139},"point_estimate":5197.906912094065,"standard_error":2.492073298288694},"median_abs_dev":{"confidence_interval":{"confidence_level":0.99,"lower_bound":35.8267085696489,"upper_bound":49.95018721323756},"point_estimate":41.10376488331434,"standard_error":2.5392324907434776},"slope":{"confidence_interval":{"confidence_level":0.99,"lower_bound":5188.501157079443,"upper_bound":5196.516651322007},"point_estimate":5192.366392574491,"standard_error":1.5495479193560069},"std_dev":{"confidence_interval":{"confidence_level":0.99,"lower_bound":63.409524796693525,"upper_bound":82.88788147516101},"point_estimate":73.11597583480616,"standard_error":3.787847072987373}}