{"mean":{"confidence_interval":{"confidence_level":0.99,"lower_bound":70726.74424657137,"upper_bound":70903.00665485719},"point_estimate":70811.65207142862,"standard_error":34.23633163614583},"median":{"confidence_interval":{"confidence_level":0.99,"lower_bound":70398.21428571429,"upper_bound":70451.19285714286},"point_estimate":70425.6,"standard_error":10.598953795532566},"median_abs_dev":{"confidence_interval":{"confidence_level":0.99,"lower_bound":266.9527152606515,"upper_bound":352.11749374867566},"point_estimate":302.2703646336363,"standard_error":17.121478211722092},"slope":null,"std_dev":{"confidence_interval":{"confidence_level":0.99,"lower_bound":919.6224325223146,"upper_bound":1257.666476708447},"point_estimate":1086.0050967816587,"standard_error":65.85247359725999}}