{"mean":{"confidence_interval":{"confidence_level":0.99,"lower_bound":5368.233136736443,"upper_bound":5373.6720763607045},"point_estimate":5370.798533548044,"standard_error":1.0539584566774798},"median":{"confidence_interval":{"confidence_level":0.99,"lower_bound":5364.275899087494,"upper_bound":5365.315619967794},"point_estimate":5364.801395598497,"standard_error":0.1686463531496809},"median_abs_dev":{"confidence_interval":{"confidence_level":0.99,"lower_bound":1.973218805548116,"upper_bound":3.2004403369000967},"point_estimate":2.5362566377424223,"standard_error":0.2414089048115597},"slope":null,"std_dev":{"confidence_interval":{"confidence_level":0.99,"lower_bound":17.53667297354446,"upper_bound":29.183135775233925},"point_estimate":23.634004047431368,"standard_error":2.2656689864387958}}