{"mean":{"confidence_interval":{"confidence_level":0.99,"lower_bound":16855.58099727593,"upper_bound":16949.938260498995},"point_estimate":16898.36553548672,"standard_error":18.438110288209593},"median":{"confidence_interval":{"confidence_level":0.99,"lower_bound":16790.386231434728,"upper_bound":16795.423373451944},"point_estimate":16792.283851837263,"standard_error":0.9954608142528145},"median_abs_dev":{"confidence_interval":{"confidence_level":0.99,"lower_bound":13.73748589585825,"upper_bound":20.6954036158998},"point_estimate":16.730049290523255,"standard_error":1.4046877344463478},"slope":{"confidence_interval":{"confidence_level":0.99,"lower_bound":16802.859939114198,"upper_bound":16826.280993379216},"point_estimate":16813.462082412596,"standard_error":4.579683749782587},"std_dev":{"confidence_interval":{"confidence_level":0.99,"lower_bound":243.9677421148326,"upper_bound":590.1556594963164},"point_estimate":411.4836814614769,"standard_error":71.09265054138021}}