{"mean":{"confidence_interval":{"confidence_level":0.99,"lower_bound":5476.1227426266505,"upper_bound":5495.297339234577},"point_estimate":5485.248764317181,"standard_error":3.719935473843026},"median":{"confidence_interval":{"confidence_level":0.99,"lower_bound":5459.170704845816,"upper_bound":5468.107929515419},"point_estimate":5463.162995594714,"standard_error":1.5396352537299838},"median_abs_dev":{"confidence_interval":{"confidence_level":0.99,"lower_bound":33.472796762567285,"upper_bound":44.00121595891087},"point_estimate":38.456569636642506,"standard_error":1.9435701473271019},"slope":null,"std_dev":{"confidence_interval":{"confidence_level":0.99,"lower_bound":65.98090570525939,"upper_bound":100.34603217288075},"point_estimate":83.3931312312125,"standard_error":6.7031003309705195}}