{"mean":{"confidence_interval":{"confidence_level":0.99,"lower_bound":-0.023090297920718976,"upper_bound":-0.008362617643263046},"point_estimate":-0.013449457219426808,"standard_error":0.003001417157661265},"median":{"confidence_interval":{"confidence_level":0.99,"lower_bound":-0.007677934732217082,"upper_bound":-0.005452459561805734},"point_estimate":-0.006501706589967959,"standard_error":0.0005028002909014772}}