{"mean":{"confidence_interval":{"confidence_level":0.99,"lower_bound":-0.009566601866297651,"upper_bound":-0.008219837512262998},"point_estimate":-0.008861786650155246,"standard_error":0.0002597356630312058},"median":{"confidence_interval":{"confidence_level":0.99,"lower_bound":-0.009008635535269316,"upper_bound":-0.0075073406663244135},"point_estimate":-0.00880191297949906,"standard_error":0.00020291000679069864}}