{"mean":{"confidence_interval":{"confidence_level":0.99,"lower_bound":121453.53520975001,"upper_bound":121552.73018475003},"point_estimate":121499.77192500007,"standard_error":19.193667583310205},"median":{"confidence_interval":{"confidence_level":0.99,"lower_bound":121360.425,"upper_bound":121403.125},"point_estimate":121384.375,"standard_error":7.754035986502503},"median_abs_dev":{"confidence_interval":{"confidence_level":0.99,"lower_bound":306.5646095573924,"upper_bound":367.53653347491354},"point_estimate":340.5346814543009,"standard_error":11.09722078160889},"slope":null,"std_dev":{"confidence_interval":{"confidence_level":0.99,"lower_bound":430.2891040625833,"upper_bound":797.6762269763576},"point_estimate":606.6891556361352,"standard_error":73.08320209717807}}