{"mean":{"confidence_interval":{"confidence_level":0.99,"lower_bound":0.028563684302206908,"upper_bound":0.05004459879694142},"point_estimate":0.038628753027986296,"standard_error":0.0046440009121814585},"median":{"confidence_interval":{"confidence_level":0.99,"lower_bound":0.01859445982653773,"upper_bound":0.027854510619376605},"point_estimate":0.024321364104002985,"standard_error":0.001961170227650643}}