{"mean":{"confidence_interval":{"confidence_level":0.99,"lower_bound":-0.03224020952459313,"upper_bound":0.00278011944718951},"point_estimate":-0.015205805891060242,"standard_error":0.0066920439648288765},"median":{"confidence_interval":{"confidence_level":0.99,"lower_bound":-0.012100819358528248,"upper_bound":-0.00068815624259988},"point_estimate":-0.005256564245269435,"standard_error":0.0021678831317716945}}