{"mean":{"confidence_interval":{"confidence_level":0.99,"lower_bound":-0.03049049713250482,"upper_bound":0.00483708415612295},"point_estimate":-0.014058406742647911,"standard_error":0.006898877180265178},"median":{"confidence_interval":{"confidence_level":0.99,"lower_bound":-0.0017113767267707143,"upper_bound":0.009631949733875371},"point_estimate":0.00460726855881477,"standard_error":0.002192288335121593}}