{"mean":{"confidence_interval":{"confidence_level":0.99,"lower_bound":15389.506566493585,"upper_bound":15503.75580879174},"point_estimate":15435.125840355815,"standard_error":22.220147744527658},"median":{"confidence_interval":{"confidence_level":0.99,"lower_bound":15354.773439885983,"upper_bound":15389.802823303457},"point_estimate":15373.196290545204,"standard_error":7.652460158544203},"median_abs_dev":{"confidence_interval":{"confidence_level":0.99,"lower_bound":98.04215345801227,"upper_bound":142.37271232124925},"point_estimate":118.78489763635228,"standard_error":8.488600487771494},"slope":{"confidence_interval":{"confidence_level":0.99,"lower_bound":15359.54992571124,"upper_bound":15426.396485688072},"point_estimate":15390.907835757058,"standard_error":12.926151282744733},"std_dev":{"confidence_interval":{"confidence_level":0.99,"lower_bound":223.41882099627753,"upper_bound":866.7694649454014},"point_estimate":497.87491842163723,"standard_error":160.25660332436695}}