{"mean":{"confidence_interval":{"confidence_level":0.99,"lower_bound":-0.005610625526982658,"upper_bound":-0.0015194132491724427},"point_estimate":-0.003513875111032294,"standard_error":0.0007928548928948322},"median":{"confidence_interval":{"confidence_level":0.99,"lower_bound":-0.0019440336503467304,"upper_bound":-0.0011860985686423867},"point_estimate":-0.001537866001645849,"standard_error":0.00016136673038291257}}