{"mean":{"confidence_interval":{"confidence_level":0.99,"lower_bound":-0.040780644275853366,"upper_bound":-0.03517246462297112},"point_estimate":-0.03817805834221022,"standard_error":0.0010614725195600312},"median":{"confidence_interval":{"confidence_level":0.99,"lower_bound":-0.04468918414538259,"upper_bound":-0.042224353313406675},"point_estimate":-0.04339161448197826,"standard_error":0.0004936160350477979}}