{"mean":{"confidence_interval":{"confidence_level":0.99,"lower_bound":0.004116914002478516,"upper_bound":0.009109345675745445},"point_estimate":0.006427146035163922,"standard_error":0.0009499484337346885},"median":{"confidence_interval":{"confidence_level":0.99,"lower_bound":0.006917873837100075,"upper_bound":0.007731325531833866},"point_estimate":0.007253867966680261,"standard_error":0.00015643898710922534}}