{"mean":{"confidence_interval":{"confidence_level":0.99,"lower_bound":-0.0034423003206565106,"upper_bound":0.0011838068378190892},"point_estimate":-0.001159294907853492,"standard_error":0.000877048935033466},"median":{"confidence_interval":{"confidence_level":0.99,"lower_bound":-0.0028635815954604666,"upper_bound":0.00023737337078446921},"point_estimate":-0.0011814455034228066,"standard_error":0.0006711674000318135}}