{"mean":{"confidence_interval":{"confidence_level":0.99,"lower_bound":4726.102215059765,"upper_bound":4737.708890741006},"point_estimate":4731.515447855457,"standard_error":2.260134121219013},"median":{"confidence_interval":{"confidence_level":0.99,"lower_bound":4712.747066942719,"upper_bound":4717.020984665052},"point_estimate":4714.410452526639,"standard_error":0.7713705330845888},"median_abs_dev":{"confidence_interval":{"confidence_level":0.99,"lower_bound":11.517500291555422,"upper_bound":17.23819307814441},"point_estimate":14.126752736116902,"standard_error":1.0870302394424667},"slope":{"confidence_interval":{"confidence_level":0.99,"lower_bound":4725.83984105026,"upper_bound":4742.005874411029},"point_estimate":4733.544125338401,"standard_error":3.150143646981868},"std_dev":{"confidence_interval":{"confidence_level":0.99,"lower_bound":36.73651886420199,"upper_bound":65.60804976063407},"point_estimate":50.52429024983081,"standard_error":5.7550824381023356}}