{"mean":{"confidence_interval":{"confidence_level":0.99,"lower_bound":-0.04631362750911091,"upper_bound":-0.04137056490549128},"point_estimate":-0.043877239904098975,"standard_error":0.0009953221899121358},"median":{"confidence_interval":{"confidence_level":0.99,"lower_bound":-0.04482025588436833,"upper_bound":-0.04243720625395375},"point_estimate":-0.04343020168065437,"standard_error":0.00047054092787335685}}