{"mean":{"confidence_interval":{"confidence_level":0.99,"lower_bound":13548.371707281278,"upper_bound":13603.675854858686},"point_estimate":13575.60814804845,"standard_error":10.710726012545758},"median":{"confidence_interval":{"confidence_level":0.99,"lower_bound":13445.940107671602,"upper_bound":13475.942126514132},"point_estimate":13459.034320323015,"standard_error":5.112704211352169},"median_abs_dev":{"confidence_interval":{"confidence_level":0.99,"lower_bound":74.99600767730446,"upper_bound":120.55752706559753},"point_estimate":96.03077393441373,"standard_error":8.781106032836654},"slope":null,"std_dev":{"confidence_interval":{"confidence_level":0.99,"lower_bound":215.23938188847825,"upper_bound":263.8009200260201},"point_estimate":240.13004491101162,"standard_error":9.412336079827247}}