{"mean":{"confidence_interval":{"confidence_level":0.99,"lower_bound":13113.111799172146,"upper_bound":13153.177775453358},"point_estimate":13132.651477003934,"standard_error":7.8105845120463},"median":{"confidence_interval":{"confidence_level":0.99,"lower_bound":13032.249671484888,"upper_bound":13071.780551905387},"point_estimate":13059.570959264125,"standard_error":7.024087284285384},"median_abs_dev":{"confidence_interval":{"confidence_level":0.99,"lower_bound":87.58931302250609,"upper_bound":146.80662078393672},"point_estimate":122.21124185133941,"standard_error":11.30024348343565},"slope":null,"std_dev":{"confidence_interval":{"confidence_level":0.99,"lower_bound":159.75481674398804,"upper_bound":191.67365841426354},"point_estimate":174.6796014610075,"standard_error":6.212538072130996}}