{"mean":{"confidence_interval":{"confidence_level":0.99,"lower_bound":5372.049806352879,"upper_bound":5375.796990871438},"point_estimate":5373.96579989241,"standard_error":0.7159652028531924},"median":{"confidence_interval":{"confidence_level":0.99,"lower_bound":5373.0500268961805,"upper_bound":5373.161915008069},"point_estimate":5373.094674556213,"standard_error":0.023485738675030284},"median_abs_dev":{"confidence_interval":{"confidence_level":0.99,"lower_bound":1.6612456940143243,"upper_bound":3.323288913566024},"point_estimate":2.525364613584521,"standard_error":0.2810000118129189},"slope":null,"std_dev":{"confidence_interval":{"confidence_level":0.99,"lower_bound":7.72664714637517,"upper_bound":23.504110244323236},"point_estimate":16.053242425856865,"standard_error":3.0915670362101544}}