{"mean":{"confidence_interval":{"confidence_level":0.99,"lower_bound":68072.63455939182,"upper_bound":68115.36718594599},"point_estimate":68093.26986486491,"standard_error":8.280952413558197},"median":{"confidence_interval":{"confidence_level":0.99,"lower_bound":68057.71621621621,"upper_bound":68101.07432432432},"point_estimate":68080.7972972973,"standard_error":7.800245648578671},"median_abs_dev":{"confidence_interval":{"confidence_level":0.99,"lower_bound":203.2664599048157,"upper_bound":246.251841574089},"point_estimate":220.807220404214,"standard_error":8.400805389714256},"slope":null,"std_dev":{"confidence_interval":{"confidence_level":0.99,"lower_bound":216.9197372497665,"upper_bound":309.76466344759524},"point_estimate":261.70352129591146,"standard_error":18.206419371210615}}