{"mean":{"confidence_interval":{"confidence_level":0.99,"lower_bound":0.011774510865391311,"upper_bound":0.020487081812426134},"point_estimate":0.01613962566945193,"standard_error":0.0017229436540525196},"median":{"confidence_interval":{"confidence_level":0.99,"lower_bound":0.031038155424309197,"upper_bound":0.03453979643322802},"point_estimate":0.03311621660338693,"standard_error":0.0006705020109979282}}