{"mean":{"confidence_interval":{"confidence_level":0.99,"lower_bound":8039.6695947482085,"upper_bound":8054.409354364507},"point_estimate":8046.996946442848,"standard_error":2.8362395453076545},"median":{"confidence_interval":{"confidence_level":0.99,"lower_bound":8065.4808153477225,"upper_bound":8067.346123101519},"point_estimate":8066.629896083134,"standard_error":0.3569210698419705},"median_abs_dev":{"confidence_interval":{"confidence_level":0.99,"lower_bound":8.370586422135233,"upper_bound":14.517865449690465},"point_estimate":10.567228349564463,"standard_error":1.2162612887245796},"slope":null,"std_dev":{"confidence_interval":{"confidence_level":0.99,"lower_bound":54.929257722439104,"upper_bound":72.07093417297935},"point_estimate":63.31797560368048,"standard_error":3.3380020515500735}}