{"mean":{"confidence_interval":{"confidence_level":0.99,"lower_bound":-0.014264237431189113,"upper_bound":-0.012591678495541055},"point_estimate":-0.01332950513257991,"standard_error":0.0003249349058132928},"median":{"confidence_interval":{"confidence_level":0.99,"lower_bound":-0.012703837765971504,"upper_bound":-0.012093267291276688},"point_estimate":-0.012381100470481465,"standard_error":0.00013401769338049023}}