{"mean":{"confidence_interval":{"confidence_level":0.99,"lower_bound":13450.024572261109,"upper_bound":13500.458461345903},"point_estimate":13474.32154508747,"standard_error":9.716567212310188},"median":{"confidence_interval":{"confidence_level":0.99,"lower_bound":13386.384253028264,"upper_bound":13399.6467025572},"point_estimate":13392.020188425304,"standard_error":2.8406865234312186},"median_abs_dev":{"confidence_interval":{"confidence_level":0.99,"lower_bound":39.118290557193326,"upper_bound":60.90233350826966},"point_estimate":49.053506262370284,"standard_error":4.331034033013172},"slope":null,"std_dev":{"confidence_interval":{"confidence_level":0.99,"lower_bound":178.79794715771646,"upper_bound":257.9519369523471},"point_estimate":217.69784496738606,"standard_error":15.386428556788779}}