{"mean":{"confidence_interval":{"confidence_level":0.99,"lower_bound":13289.52348942677,"upper_bound":13332.122008942702},"point_estimate":13311.749729936311,"standard_error":8.276877288723986},"median":{"confidence_interval":{"confidence_level":0.99,"lower_bound":13337.368152866242,"upper_bound":13337.685350318472},"point_estimate":13337.5,"standard_error":0.056912204203305373},"median_abs_dev":{"confidence_interval":{"confidence_level":0.99,"lower_bound":1.0236550136739817,"upper_bound":4.407193679717466},"point_estimate":1.5345381893169592,"standard_error":0.5604694445482152},"slope":null,"std_dev":{"confidence_interval":{"confidence_level":0.99,"lower_bound":143.58980898729237,"upper_bound":223.54654495303112},"point_estimate":185.58149420426264,"standard_error":15.514565770755238}}