{"mean":{"confidence_interval":{"confidence_level":0.99,"lower_bound":24972.151604604285,"upper_bound":25022.06745808373},"point_estimate":24994.46129143725,"standard_error":9.756185951452773},"median":{"confidence_interval":{"confidence_level":0.99,"lower_bound":24940.895089285714,"upper_bound":24956.172839506173},"point_estimate":24947.505125316813,"standard_error":3.0420886449030538},"median_abs_dev":{"confidence_interval":{"confidence_level":0.99,"lower_bound":39.190204031240064,"upper_bound":52.54291994496341},"point_estimate":45.342244348982625,"standard_error":2.40295356374374},"slope":{"confidence_interval":{"confidence_level":0.99,"lower_bound":24940.381073002853,"upper_bound":24957.754098437872},"point_estimate":24948.37387367124,"standard_error":3.367827998608935},"std_dev":{"confidence_interval":{"confidence_level":0.99,"lower_bound":126.70945392360623,"upper_bound":303.1989631498996},"point_estimate":218.39474036087265,"standard_error":34.71802757854974}}