{"mean":{"confidence_interval":{"confidence_level":0.99,"lower_bound":-0.0037618434231631794,"upper_bound":-0.00006661804835964438},"point_estimate":-0.0018593878631625316,"standard_error":0.000708690545266668},"median":{"confidence_interval":{"confidence_level":0.99,"lower_bound":-0.001607973509559324,"upper_bound":-0.0008267288349650403},"point_estimate":-0.0012081108415696873,"standard_error":0.00015163252072660478}}