{"mean":{"confidence_interval":{"confidence_level":0.99,"lower_bound":-0.006363159888085839,"upper_bound":-0.0013676117401068397},"point_estimate":-0.0037392239524561832,"standard_error":0.0009752823134462403},"median":{"confidence_interval":{"confidence_level":0.99,"lower_bound":-0.0027489671400638053,"upper_bound":-0.001898458614957858},"point_estimate":-0.002399602909731846,"standard_error":0.00017778682733018465}}