{"mean":{"confidence_interval":{"confidence_level":0.99,"lower_bound":0.041705027922192814,"upper_bound":0.05062599201470929},"point_estimate":0.04602264570288073,"standard_error":0.0017393047046219098},"median":{"confidence_interval":{"confidence_level":0.99,"lower_bound":0.04189478509559019,"upper_bound":0.05317399383738253},"point_estimate":0.048308234487862256,"standard_error":0.002308072068725976}}