{"mean":{"confidence_interval":{"confidence_level":0.99,"lower_bound":-0.03030125041025124,"upper_bound":0.01714641813892068},"point_estimate":-0.007353550697947631,"standard_error":0.009171464693170116},"median":{"confidence_interval":{"confidence_level":0.99,"lower_bound":-0.01863040398989768,"upper_bound":-0.0013515788645432902},"point_estimate":-0.008593511523317221,"standard_error":0.003409681626348137}}