{"mean":{"confidence_interval":{"confidence_level":0.99,"lower_bound":-0.005693538366504463,"upper_bound":-0.004127280275887641},"point_estimate":-0.004896524107883993,"standard_error":0.0003133216528453102},"median":{"confidence_interval":{"confidence_level":0.99,"lower_bound":-0.004786878762927052,"upper_bound":-0.004208958836405041},"point_estimate":-0.004502086020959473,"standard_error":0.0001093616302452452}}