{"mean":{"confidence_interval":{"confidence_level":0.99,"lower_bound":29698.07102695958,"upper_bound":29886.67156190162},"point_estimate":29785.551718135957,"standard_error":36.54191651979472},"median":{"confidence_interval":{"confidence_level":0.99,"lower_bound":29501.38345379453,"upper_bound":29601.16144200627},"point_estimate":29541.975294442396,"standard_error":18.051046256421838},"median_abs_dev":{"confidence_interval":{"confidence_level":0.99,"lower_bound":246.03531587273915,"upper_bound":380.10813094217247},"point_estimate":299.2454844668642,"standard_error":25.366879300353656},"slope":{"confidence_interval":{"confidence_level":0.99,"lower_bound":29705.911846033174,"upper_bound":29953.556931608586},"point_estimate":29824.72371451303,"standard_error":48.27367895108998},"std_dev":{"confidence_interval":{"confidence_level":0.99,"lower_bound":613.5477383233416,"upper_bound":1133.39988982631},"point_estimate":816.0152129842534,"standard_error":114.83075050292841}}