{"mean":{"confidence_interval":{"confidence_level":0.99,"lower_bound":-0.004392010026548522,"upper_bound":-0.0006435850667439214},"point_estimate":-0.0025563670543220507,"standard_error":0.0007016126223410598},"median":{"confidence_interval":{"confidence_level":0.99,"lower_bound":-0.0021489554610712924,"upper_bound":-0.00151751017276891},"point_estimate":-0.001832722279405341,"standard_error":0.0001197522468257489}}