{"mean":{"confidence_interval":{"confidence_level":0.99,"lower_bound":16083.830463555167,"upper_bound":16139.96857546819},"point_estimate":16110.78966852751,"standard_error":10.90521498571752},"median":{"confidence_interval":{"confidence_level":0.99,"lower_bound":15998.29516647926,"upper_bound":16035.025},"point_estimate":16015.327944392895,"standard_error":7.056741740116533},"median_abs_dev":{"confidence_interval":{"confidence_level":0.99,"lower_bound":138.15573766790314,"upper_bound":181.95842062845375},"point_estimate":159.46127550200768,"standard_error":8.143683516013317},"slope":{"confidence_interval":{"confidence_level":0.99,"lower_bound":16042.183319506923,"upper_bound":16089.731590914358},"point_estimate":16065.096248860586,"standard_error":9.227396264404252},"std_dev":{"confidence_interval":{"confidence_level":0.99,"lower_bound":276.8866031519049,"upper_bound":421.696921129386},"point_estimate":344.4625222485036,"standard_error":28.498665864368117}}