{"mean":{"confidence_interval":{"confidence_level":0.99,"lower_bound":-0.01153095198096825,"upper_bound":-0.00970233029885878},"point_estimate":-0.010638985135508428,"standard_error":0.00034726100051596435},"median":{"confidence_interval":{"confidence_level":0.99,"lower_bound":-0.010778550084581617,"upper_bound":-0.010095697554609706},"point_estimate":-0.010409367605104802,"standard_error":0.0001468243431155965}}