{"mean":{"confidence_interval":{"confidence_level":0.99,"lower_bound":-0.007963972680035986,"upper_bound":-0.002429845204447994},"point_estimate":-0.0052877127351030895,"standard_error":0.0010898827526850225},"median":{"confidence_interval":{"confidence_level":0.99,"lower_bound":-0.012246300010343502,"upper_bound":-0.00919305179263683},"point_estimate":-0.01052242603568243,"standard_error":0.0006164550631436416}}