{"mean":{"confidence_interval":{"confidence_level":0.99,"lower_bound":-0.02500259327303743,"upper_bound":-0.020566593949652996},"point_estimate":-0.022766193062592643,"standard_error":0.0008502754472839839},"median":{"confidence_interval":{"confidence_level":0.99,"lower_bound":-0.02181043202727065,"upper_bound":-0.020401934129737218},"point_estimate":-0.021143754950397997,"standard_error":0.0002839402320092189}}