{"mean":{"confidence_interval":{"confidence_level":0.99,"lower_bound":8704.975019022178,"upper_bound":8772.741231048016},"point_estimate":8736.989235901963,"standard_error":13.181538500800182},"median":{"confidence_interval":{"confidence_level":0.99,"lower_bound":8650.904497317315,"upper_bound":8656.284646923163},"point_estimate":8653.159339774556,"standard_error":1.3193364875338331},"median_abs_dev":{"confidence_interval":{"confidence_level":0.99,"lower_bound":12.366130936119028,"upper_bound":18.373510312867527},"point_estimate":15.53608620669502,"standard_error":1.1851884518626041},"slope":{"confidence_interval":{"confidence_level":0.99,"lower_bound":8655.653920233473,"upper_bound":8665.109019968613},"point_estimate":8659.45544738854,"standard_error":1.8463680783469207},"std_dev":{"confidence_interval":{"confidence_level":0.99,"lower_bound":220.0350575206395,"upper_bound":365.05393304079394},"point_estimate":295.5908591873704,"standard_error":28.00772927008664}}