{"mean":{"confidence_interval":{"confidence_level":0.99,"lower_bound":-0.05300289993594145,"upper_bound":-0.04940283328182177},"point_estimate":-0.051155646377314956,"standard_error":0.0006993312564680293},"median":{"confidence_interval":{"confidence_level":0.99,"lower_bound":-0.04961176446363603,"upper_bound":-0.047662525275532164},"point_estimate":-0.04890952548247007,"standard_error":0.00043316457608522633}}