{"mean":{"confidence_interval":{"confidence_level":0.99,"lower_bound":-0.0015592392999999231,"upper_bound":0.0027141379430377336},"point_estimate":0.0004895043759354234,"standard_error":0.000811360913374498},"median":{"confidence_interval":{"confidence_level":0.99,"lower_bound":-0.0022962577758743885,"upper_bound":0.000428945015823354},"point_estimate":-0.0009636383061828457,"standard_error":0.0005194779525961852}}