{"mean":{"confidence_interval":{"confidence_level":0.99,"lower_bound":0.027470092612871925,"upper_bound":0.03316695783380775},"point_estimate":0.030276175667660832,"standard_error":0.0011040210264657336},"median":{"confidence_interval":{"confidence_level":0.99,"lower_bound":0.030699238255709808,"upper_bound":0.034396561861663955},"point_estimate":0.0325944609034885,"standard_error":0.0007170640128545932}}