{"mean":{"confidence_interval":{"confidence_level":0.99,"lower_bound":-0.02786553428759235,"upper_bound":-0.022128186811665344},"point_estimate":-0.024949385194508844,"standard_error":0.0011102018370314035},"median":{"confidence_interval":{"confidence_level":0.99,"lower_bound":-0.027707293147664607,"upper_bound":-0.025379189407165548},"point_estimate":-0.02668108249550616,"standard_error":0.0004147700266083751}}