{"mean":{"confidence_interval":{"confidence_level":0.99,"lower_bound":19102.107308519233,"upper_bound":19435.678567769213},"point_estimate":19227.757696153858,"standard_error":66.85709221773702},"median":{"confidence_interval":{"confidence_level":0.99,"lower_bound":18948.31730769231,"upper_bound":18998.71923076923},"point_estimate":18968.909615384615,"standard_error":11.531145275265354},"median_abs_dev":{"confidence_interval":{"confidence_level":0.99,"lower_bound":145.88355355139356,"upper_bound":244.96258065104539},"point_estimate":190.13631873978895,"standard_error":19.631794997578957},"slope":null,"std_dev":{"confidence_interval":{"confidence_level":0.99,"lower_bound":345.5460676031147,"upper_bound":2687.0604083261574},"point_estimate":1503.557023335639,"standard_error":534.500860811673}}