{"mean":{"confidence_interval":{"confidence_level":0.99,"lower_bound":-0.005856126224708819,"upper_bound":0.0020930565878202836},"point_estimate":-0.001440543749418155,"standard_error":0.0015337064389605356},"median":{"confidence_interval":{"confidence_level":0.99,"lower_bound":-0.008167438265991188,"upper_bound":-0.0022826187215717656},"point_estimate":-0.004972205472530855,"standard_error":0.0012310360986411775}}