{"mean":{"confidence_interval":{"confidence_level":0.99,"lower_bound":-0.01098713169524979,"upper_bound":-0.007889553801434291},"point_estimate":-0.00942563504012317,"standard_error":0.0006013644941840643},"median":{"confidence_interval":{"confidence_level":0.99,"lower_bound":-0.011899191981362793,"upper_bound":-0.009892801931561878},"point_estimate":-0.010554477955881603,"standard_error":0.0003666792227067057}}