{"mean":{"confidence_interval":{"confidence_level":0.99,"lower_bound":-0.014551365254716786,"upper_bound":-0.011039320816112546},"point_estimate":-0.012789439915029566,"standard_error":0.0006782663911123984},"median":{"confidence_interval":{"confidence_level":0.99,"lower_bound":-0.012056743655872495,"upper_bound":-0.011224607362674388},"point_estimate":-0.011644853753187134,"standard_error":0.00015631123149797564}}