{"mean":{"confidence_interval":{"confidence_level":0.99,"lower_bound":32234.0953351282,"upper_bound":32255.477534807706},"point_estimate":32244.035442307715,"standard_error":4.156340842749902},"median":{"confidence_interval":{"confidence_level":0.99,"lower_bound":32210.47435897436,"upper_bound":32219.6858974359},"point_estimate":32214.208333333336,"standard_error":1.891895307344282},"median_abs_dev":{"confidence_interval":{"confidence_level":0.99,"lower_bound":46.925239551525294,"upper_bound":55.835095162577},"point_estimate":51.87674330977314,"standard_error":1.7082554109981116},"slope":null,"std_dev":{"confidence_interval":{"confidence_level":0.99,"lower_bound":90.40576700065141,"upper_bound":171.69655355239635},"point_estimate":131.6385608013969,"standard_error":15.97716053458577}}