{"mean":{"confidence_interval":{"confidence_level":0.99,"lower_bound":-0.046679019099527326,"upper_bound":-0.04286883574188735},"point_estimate":-0.044786747129798465,"standard_error":0.0007771908543878866},"median":{"confidence_interval":{"confidence_level":0.99,"lower_bound":-0.046398951081549164,"upper_bound":-0.04444279252936471},"point_estimate":-0.04528382796693675,"standard_error":0.00039088881460979855}}