{"mean":{"confidence_interval":{"confidence_level":0.99,"lower_bound":15945.549354860119,"upper_bound":15987.681412471415},"point_estimate":15964.296969472212,"standard_error":8.168452532682094},"median":{"confidence_interval":{"confidence_level":0.99,"lower_bound":15903.935185185184,"upper_bound":15910.627140974968},"point_estimate":15907.201837928154,"standard_error":1.3020215875060932},"median_abs_dev":{"confidence_interval":{"confidence_level":0.99,"lower_bound":15.04938600022914,"upper_bound":23.774016946935333},"point_estimate":19.51175917827845,"standard_error":1.596048184617465},"slope":{"confidence_interval":{"confidence_level":0.99,"lower_bound":15918.460592095038,"upper_bound":15948.404937688534},"point_estimate":15932.181998185448,"standard_error":5.856237863357461},"std_dev":{"confidence_interval":{"confidence_level":0.99,"lower_bound":112.99279892662074,"upper_bound":274.443058292854},"point_estimate":182.9057322688971,"standard_error":34.365589331712506}}