{"mean":{"confidence_interval":{"confidence_level":0.95,"lower_bound":-0.2158488785001327,"upper_bound":-0.20195751181169413},"point_estimate":-0.2091239649724349,"standard_error":0.003714982028688935},"median":{"confidence_interval":{"confidence_level":0.95,"lower_bound":-0.22072482438524388,"upper_bound":-0.20241487592420226},"point_estimate":-0.21488320091034563,"standard_error":0.004427976298706608}}