{"mean":{"confidence_interval":{"confidence_level":0.99,"lower_bound":0.009446867615184748,"upper_bound":0.015606651124666748},"point_estimate":0.01261793575313952,"standard_error":0.0011814956502209605},"median":{"confidence_interval":{"confidence_level":0.99,"lower_bound":0.005474471036660642,"upper_bound":0.01785150923014167},"point_estimate":0.013309405489239534,"standard_error":0.0025379954455924023}}