{"mean":{"confidence_interval":{"confidence_level":0.99,"lower_bound":13667.613091019293,"upper_bound":13742.420030909096},"point_estimate":13704.203876033049,"standard_error":14.428309498505376},"median":{"confidence_interval":{"confidence_level":0.99,"lower_bound":13531.566115702479,"upper_bound":13637.971074380166},"point_estimate":13564.020661157025,"standard_error":17.876197797790567},"median_abs_dev":{"confidence_interval":{"confidence_level":0.99,"lower_bound":180.6023184651549,"upper_bound":305.85465655346735},"point_estimate":233.74127973456078,"standard_error":23.099109722638463},"slope":null,"std_dev":{"confidence_interval":{"confidence_level":0.99,"lower_bound":286.62055292182276,"upper_bound":360.7411781822332},"point_estimate":323.1336252426797,"standard_error":14.366422272915468}}