{"mean":{"confidence_interval":{"confidence_level":0.99,"lower_bound":12730.330362888595,"upper_bound":12755.577712733158},"point_estimate":12742.228712435226,"standard_error":4.904518739060721},"median":{"confidence_interval":{"confidence_level":0.99,"lower_bound":12733.376295336788,"upper_bound":12745.49287564767},"point_estimate":12741.31023316062,"standard_error":2.2802682771122296},"median_abs_dev":{"confidence_interval":{"confidence_level":0.99,"lower_bound":52.932847238361845,"upper_bound":71.13695197540767},"point_estimate":60.21333973410877,"standard_error":3.5244825470302383},"slope":null,"std_dev":{"confidence_interval":{"confidence_level":0.99,"lower_bound":81.52275882438546,"upper_bound":139.9535254875034},"point_estimate":109.5749468548884,"standard_error":11.585916860907396}}