{"mean":{"confidence_interval":{"confidence_level":0.99,"lower_bound":-0.0010180748874052026,"upper_bound":0.046965322364558915},"point_estimate":0.02306928307732181,"standard_error":0.009175824558393969},"median":{"confidence_interval":{"confidence_level":0.99,"lower_bound":0.026496792282747386,"upper_bound":0.04399173662836242},"point_estimate":0.03721150482690416,"standard_error":0.0035453083547121044}}