{"mean":{"confidence_interval":{"confidence_level":0.99,"lower_bound":-0.046389091683802765,"upper_bound":-0.041094963813721436},"point_estimate":-0.043998004033899085,"standard_error":0.0010234564821199252},"median":{"confidence_interval":{"confidence_level":0.99,"lower_bound":-0.04383935671809274,"upper_bound":-0.04186411684887292},"point_estimate":-0.042938516755997136,"standard_error":0.0003687882041781814}}