{"mean":{"confidence_interval":{"confidence_level":0.99,"lower_bound":-0.00043141646521696267,"upper_bound":0.004722247520801596},"point_estimate":0.0021407897200551584,"standard_error":0.0009981109482052593},"median":{"confidence_interval":{"confidence_level":0.99,"lower_bound":0.002367045862570638,"upper_bound":0.007960016151168101},"point_estimate":0.005699056965031035,"standard_error":0.0010675970607848925}}