{"mean":{"confidence_interval":{"confidence_level":0.99,"lower_bound":-0.012787661026322006,"upper_bound":-0.008815635025348764},"point_estimate":-0.01079052457314389,"standard_error":0.0007729679666149179},"median":{"confidence_interval":{"confidence_level":0.99,"lower_bound":-0.012989925706232664,"upper_bound":-0.011006069248341133},"point_estimate":-0.011959053391842445,"standard_error":0.0003845938063863317}}