{"mean":{"confidence_interval":{"confidence_level":0.99,"lower_bound":5448.143613193367,"upper_bound":5462.198914381215},"point_estimate":5454.7477259668485,"standard_error":2.7217156634732156},"median":{"confidence_interval":{"confidence_level":0.99,"lower_bound":5432.654419889503,"upper_bound":5438.1674033149175},"point_estimate":5435.405248618785,"standard_error":1.140977894386574},"median_abs_dev":{"confidence_interval":{"confidence_level":0.99,"lower_bound":13.122647999070567,"upper_bound":18.157344539520434},"point_estimate":15.256035640754362,"standard_error":0.9475134225608242},"slope":null,"std_dev":{"confidence_interval":{"confidence_level":0.99,"lower_bound":46.67261053802383,"upper_bound":75.8531122974456},"point_estimate":61.0307051429927,"standard_error":5.689070622404539}}