{"mean":{"confidence_interval":{"confidence_level":0.99,"lower_bound":0.005510420306242724,"upper_bound":0.010600512977751525},"point_estimate":0.007971569513860688,"standard_error":0.0009869613368714875},"median":{"confidence_interval":{"confidence_level":0.99,"lower_bound":0.0013099113333017165,"upper_bound":0.006624802087769277},"point_estimate":0.0033354887679934997,"standard_error":0.0011645991873002843}}