{"mean":{"confidence_interval":{"confidence_level":0.99,"lower_bound":-0.041771865947477595,"upper_bound":-0.03529290955407871},"point_estimate":-0.03860110350857926,"standard_error":0.0012377185946171748},"median":{"confidence_interval":{"confidence_level":0.99,"lower_bound":-0.040999017421176585,"upper_bound":-0.03907845631844345},"point_estimate":-0.0399164706912114,"standard_error":0.00037735265999399946}}