{"mean":{"confidence_interval":{"confidence_level":0.99,"lower_bound":-0.24822187367098453,"upper_bound":-0.19171686706931065},"point_estimate":-0.22056988558856983,"standard_error":0.01102000068333722},"median":{"confidence_interval":{"confidence_level":0.99,"lower_bound":-0.0672305895994616,"upper_bound":-0.047712818464567174},"point_estimate":-0.0558227475266585,"standard_error":0.003454564939525401}}