{"mean":{"confidence_interval":{"confidence_level":0.99,"lower_bound":-0.012211674059939321,"upper_bound":-0.01040021435113667},"point_estimate":-0.011289306627309204,"standard_error":0.00035005211849809025},"median":{"confidence_interval":{"confidence_level":0.99,"lower_bound":-0.011440991070331544,"upper_bound":-0.010486605828769147},"point_estimate":-0.010849578731695009,"standard_error":0.0002141412669363176}}