{"mean":{"confidence_interval":{"confidence_level":0.99,"lower_bound":-0.03933833146357696,"upper_bound":-0.0002064708363154303},"point_estimate":-0.019367637216045175,"standard_error":0.007597890850596269},"median":{"confidence_interval":{"confidence_level":0.99,"lower_bound":-0.033582418594257396,"upper_bound":-0.00023540529033361235},"point_estimate":-0.01121772374284602,"standard_error":0.0054803762828310315}}