{"mean":{"confidence_interval":{"confidence_level":0.99,"lower_bound":2541.6876977707457,"upper_bound":2551.4249833723047},"point_estimate":2546.43249286224,"standard_error":1.8845171891137136},"median":{"confidence_interval":{"confidence_level":0.99,"lower_bound":2538.1281986328468,"upper_bound":2543.473946784922},"point_estimate":2541.142813511922,"standard_error":1.0311511375067133},"median_abs_dev":{"confidence_interval":{"confidence_level":0.99,"lower_bound":18.645924980952593,"upper_bound":25.375011572702864},"point_estimate":21.926689796760467,"standard_error":1.2578650771592998},"slope":{"confidence_interval":{"confidence_level":0.99,"lower_bound":2538.900168700703,"upper_bound":2545.2826759226446},"point_estimate":2541.7712753698397,"standard_error":1.227784427587614},"std_dev":{"confidence_interval":{"confidence_level":0.99,"lower_bound":35.449870911901385,"upper_bound":48.6759221067372},"point_estimate":42.07747597932546,"standard_error":2.579792218053054}}