{"mean":{"confidence_interval":{"confidence_level":0.99,"lower_bound":2666.407236763106,"upper_bound":2670.6973071988864},"point_estimate":2668.3938676893717,"standard_error":0.8335995937159196},"median":{"confidence_interval":{"confidence_level":0.99,"lower_bound":2661.6094202898553,"upper_bound":2662.905753968254},"point_estimate":2662.1562868856245,"standard_error":0.2256952921925249},"median_abs_dev":{"confidence_interval":{"confidence_level":0.99,"lower_bound":6.923306291514095,"upper_bound":8.654464975460126},"point_estimate":7.854217730226293,"standard_error":0.3212609418697644},"slope":{"confidence_interval":{"confidence_level":0.99,"lower_bound":2663.533844397601,"upper_bound":2666.7692721615667},"point_estimate":2665.003619638233,"standard_error":0.6362881713931327},"std_dev":{"confidence_interval":{"confidence_level":0.99,"lower_bound":19.057798922501146,"upper_bound":35.18607954148753},"point_estimate":26.378711348768096,"standard_error":3.2398781857920134}}