{"mean":{"confidence_interval":{"confidence_level":0.95,"lower_bound":-0.0725289573655676,"upper_bound":-0.06142390361024894},"point_estimate":-0.06696671149727185,"standard_error":0.0029879908570515233},"median":{"confidence_interval":{"confidence_level":0.95,"lower_bound":-0.08101015482396945,"upper_bound":-0.07452118313718503},"point_estimate":-0.07651988749434813,"standard_error":0.0018899919400678822}}