{"mean":{"confidence_interval":{"confidence_level":0.99,"lower_bound":-0.023417075149032116,"upper_bound":-0.007403774666149889},"point_estimate":-0.012754029300545366,"standard_error":0.003312821896436914},"median":{"confidence_interval":{"confidence_level":0.99,"lower_bound":-0.010825044155193085,"upper_bound":-0.00824148474860793},"point_estimate":-0.009370280217284699,"standard_error":0.00047587384949154013}}