{"mean":{"confidence_interval":{"confidence_level":0.99,"lower_bound":10927.824185157428,"upper_bound":11096.141859294248},"point_estimate":10998.780618892515,"standard_error":32.85767668150643},"median":{"confidence_interval":{"confidence_level":0.99,"lower_bound":10796.507057546145,"upper_bound":10837.247014115092},"point_estimate":10814.01520086862,"standard_error":8.575617028745832},"median_abs_dev":{"confidence_interval":{"confidence_level":0.99,"lower_bound":108.79402314995332,"upper_bound":174.52584555138344},"point_estimate":136.32756272628131,"standard_error":13.450235846160732},"slope":null,"std_dev":{"confidence_interval":{"confidence_level":0.99,"lower_bound":314.8842241851255,"upper_bound":1186.0761943779107},"point_estimate":735.1413789582133,"standard_error":182.8713135485065}}