{"mean":{"confidence_interval":{"confidence_level":0.99,"lower_bound":0.017975581494930348,"upper_bound":0.022011013290275553},"point_estimate":0.019845878273483164,"standard_error":0.0007389485037876232},"median":{"confidence_interval":{"confidence_level":0.99,"lower_bound":0.019645972888286012,"upper_bound":0.020431670530894314},"point_estimate":0.020068976690872153,"standard_error":0.00015005819386417694}}