{"mean":{"confidence_interval":{"confidence_level":0.99,"lower_bound":-0.011535898107685802,"upper_bound":-0.0077432208501497695},"point_estimate":-0.009539871118384391,"standard_error":0.0007345597139035023},"median":{"confidence_interval":{"confidence_level":0.99,"lower_bound":-0.00687526286058575,"upper_bound":-0.005889791200453074},"point_estimate":-0.006389931986947817,"standard_error":0.0001873190856186727}}