{"mean":{"confidence_interval":{"confidence_level":0.99,"lower_bound":-0.04936375915694946,"upper_bound":0.004883806172085944},"point_estimate":-0.0223197869611913,"standard_error":0.010256056130429712},"median":{"confidence_interval":{"confidence_level":0.99,"lower_bound":-0.1535239719671266,"upper_bound":0.12111536808521178},"point_estimate":-0.014380392584365298,"standard_error":0.05243495939473403}}