{"mean":{"confidence_interval":{"confidence_level":0.99,"lower_bound":34955.33372667825,"upper_bound":34995.62220255245},"point_estimate":34973.91048951047,"standard_error":7.8148041432792565},"median":{"confidence_interval":{"confidence_level":0.99,"lower_bound":34923.07692307692,"upper_bound":34930.36363636364},"point_estimate":34926.57342657343,"standard_error":1.1353859709948115},"median_abs_dev":{"confidence_interval":{"confidence_level":0.99,"lower_bound":54.86138294209567,"upper_bound":61.56418631959821},"point_estimate":59.17958496333723,"standard_error":1.3822666889515582},"slope":null,"std_dev":{"confidence_interval":{"confidence_level":0.99,"lower_bound":167.76141162973636,"upper_bound":323.93964336664976},"point_estimate":246.32903018871227,"standard_error":30.447123612486536}}