{"mean":{"confidence_interval":{"confidence_level":0.99,"lower_bound":-0.0017524696373753222,"upper_bound":0.002699870754836226},"point_estimate":0.0004678292829909392,"standard_error":0.0008359635219655868},"median":{"confidence_interval":{"confidence_level":0.99,"lower_bound":-4.664500365583605e-6,"upper_bound":0.0008105809284542076},"point_estimate":0.0003750664810753257,"standard_error":0.00016660059855555783}}