{"mean":{"confidence_interval":{"confidence_level":0.99,"lower_bound":-0.04620761302399884,"upper_bound":-0.041840379260337436},"point_estimate":-0.04404927748461984,"standard_error":0.0008719268651424096},"median":{"confidence_interval":{"confidence_level":0.99,"lower_bound":-0.04534089411938835,"upper_bound":-0.04292187446630025},"point_estimate":-0.043867097044960945,"standard_error":0.0005202456879250077}}