{"mean":{"confidence_interval":{"confidence_level":0.99,"lower_bound":-0.01902403427762448,"upper_bound":-0.01710703134275909},"point_estimate":-0.018063353186093756,"standard_error":0.00037129502942482824},"median":{"confidence_interval":{"confidence_level":0.99,"lower_bound":-0.01655798531695203,"upper_bound":-0.014594415127809195},"point_estimate":-0.015496036007499936,"standard_error":0.00035048591821758496}}