{"mean":{"confidence_interval":{"confidence_level":0.99,"lower_bound":13357.668657236318,"upper_bound":13372.012170333785},"point_estimate":13364.117837116157,"standard_error":2.786325781940461},"median":{"confidence_interval":{"confidence_level":0.99,"lower_bound":13348.881842456609,"upper_bound":13352.803738317756},"point_estimate":13350.356475300401,"standard_error":0.6680654446412396},"median_abs_dev":{"confidence_interval":{"confidence_level":0.99,"lower_bound":9.566629736699484,"upper_bound":14.722079177881005},"point_estimate":12.617935290006704,"standard_error":0.9757259376685121},"slope":null,"std_dev":{"confidence_interval":{"confidence_level":0.99,"lower_bound":35.9601648683644,"upper_bound":86.55491524401006},"point_estimate":62.16283326283635,"standard_error":9.897158525518378}}