{"mean":{"confidence_interval":{"confidence_level":0.99,"lower_bound":-0.029914964012879214,"upper_bound":-0.02880361734572054},"point_estimate":-0.02934671460536553,"standard_error":0.0002170988167559856},"median":{"confidence_interval":{"confidence_level":0.99,"lower_bound":-0.028929190476677812,"upper_bound":-0.027941367112182647},"point_estimate":-0.02843937271870156,"standard_error":0.00018755530375413852}}