{"mean":{"confidence_interval":{"confidence_level":0.99,"lower_bound":-0.0005328821383850257,"upper_bound":0.00374522848444429},"point_estimate":0.0015909300057499465,"standard_error":0.0008525141475435653},"median":{"confidence_interval":{"confidence_level":0.99,"lower_bound":-0.0017617068497638444,"upper_bound":-0.00016671620061110324},"point_estimate":-0.0009508715476513885,"standard_error":0.0003282928413452007}}