{"mean":{"confidence_interval":{"confidence_level":0.99,"lower_bound":0.0016814572586006295,"upper_bound":0.005353342871848626},"point_estimate":0.00340389969915722,"standard_error":0.0006954334695124558},"median":{"confidence_interval":{"confidence_level":0.99,"lower_bound":0.0031914358748186267,"upper_bound":0.004019700573476224},"point_estimate":0.0035495794870408215,"standard_error":0.0001717172578161479}}