{"mean":{"confidence_interval":{"confidence_level":0.99,"lower_bound":-0.006112763598726533,"upper_bound":-0.0006982181596338426},"point_estimate":-0.0034019207634232718,"standard_error":0.0010461785574210154},"median":{"confidence_interval":{"confidence_level":0.99,"lower_bound":-0.002492832774135682,"upper_bound":-0.0013474180313431093},"point_estimate":-0.0020311560249884897,"standard_error":0.0002269764660830275}}