{"mean":{"confidence_interval":{"confidence_level":0.99,"lower_bound":-0.01118378972713852,"upper_bound":-0.008162865013664797},"point_estimate":-0.009648123566951106,"standard_error":0.0005809110825334824},"median":{"confidence_interval":{"confidence_level":0.99,"lower_bound":-0.010554992185643833,"upper_bound":-0.009934390666722859},"point_estimate":-0.010250196893586083,"standard_error":0.00012456938084123216}}