{"mean":{"confidence_interval":{"confidence_level":0.99,"lower_bound":-0.0022430730027454943,"upper_bound":0.0016612014113419568},"point_estimate":-0.0002498507834589603,"standard_error":0.0007372265664872021},"median":{"confidence_interval":{"confidence_level":0.99,"lower_bound":-0.0015243299717647896,"upper_bound":-0.0008186877273356151},"point_estimate":-0.0011496881491521727,"standard_error":0.00014464495416596215}}