{"mean":{"confidence_interval":{"confidence_level":0.99,"lower_bound":31579.49501600627,"upper_bound":31837.991542452826},"point_estimate":31707.895880503103,"standard_error":50.02515992293246},"median":{"confidence_interval":{"confidence_level":0.99,"lower_bound":31359.276729559748,"upper_bound":31938.297311320763},"point_estimate":31653.43081761006,"standard_error":118.49026655625364},"median_abs_dev":{"confidence_interval":{"confidence_level":0.99,"lower_bound":1908.0296350596627,"upper_bound":2247.7987261313265},"point_estimate":2075.681923526643,"standard_error":64.52416910986858},"slope":null,"std_dev":{"confidence_interval":{"confidence_level":0.99,"lower_bound":1495.4353399846962,"upper_bound":1671.072943873519},"point_estimate":1576.6955313671597,"standard_error":34.10074515525198}}