{"mean":{"confidence_interval":{"confidence_level":0.99,"lower_bound":-0.0029709012129294737,"upper_bound":-0.00010444382073155757},"point_estimate":-0.0015468280269894663,"standard_error":0.0005507827666015264},"median":{"confidence_interval":{"confidence_level":0.99,"lower_bound":-0.0025118991714529765,"upper_bound":-0.0011351545360001425},"point_estimate":-0.001910471143445891,"standard_error":0.00026436895594724493}}