{"mean":{"confidence_interval":{"confidence_level":0.99,"lower_bound":-0.013956098968922682,"upper_bound":-0.012711468083790122},"point_estimate":-0.013287140047868462,"standard_error":0.0002402769063162738},"median":{"confidence_interval":{"confidence_level":0.99,"lower_bound":-0.013332444232652674,"upper_bound":-0.012702196307887381},"point_estimate":-0.012854017789017624,"standard_error":0.0000978323764463662}}