{"mean":{"confidence_interval":{"confidence_level":0.99,"lower_bound":5474.493615152303,"upper_bound":5488.192024508616},"point_estimate":5481.067681354598,"standard_error":2.6719770846654614},"median":{"confidence_interval":{"confidence_level":0.99,"lower_bound":5462.749094202899,"upper_bound":5472.3828125},"point_estimate":5466.821344988986,"standard_error":1.7998325588194886},"median_abs_dev":{"confidence_interval":{"confidence_level":0.99,"lower_bound":25.27555159982688,"upper_bound":35.39040558819062},"point_estimate":30.789479715748747,"standard_error":1.8386431062687425},"slope":{"confidence_interval":{"confidence_level":0.99,"lower_bound":5476.395132289912,"upper_bound":5490.776416981358},"point_estimate":5483.740326380206,"standard_error":2.784108495811593},"std_dev":{"confidence_interval":{"confidence_level":0.99,"lower_bound":46.496819291027684,"upper_bound":73.0984299750529},"point_estimate":59.92512804970491,"standard_error":5.181461386989438}}