{"mean":{"confidence_interval":{"confidence_level":0.99,"lower_bound":0.015966970121289326,"upper_bound":0.01967972234866449},"point_estimate":0.01786121394154838,"standard_error":0.0007186621908260337},"median":{"confidence_interval":{"confidence_level":0.99,"lower_bound":0.019717044880225076,"upper_bound":0.020698888896777307},"point_estimate":0.020305765787790975,"standard_error":0.0001898719607649283}}