{"mean":{"confidence_interval":{"confidence_level":0.99,"lower_bound":-0.0067700494574730935,"upper_bound":0.04541042820625325},"point_estimate":0.019414874921692915,"standard_error":0.010254090223248493},"median":{"confidence_interval":{"confidence_level":0.99,"lower_bound":0.032394644387564384,"upper_bound":0.05171994138543186},"point_estimate":0.0428350730371545,"standard_error":0.0038372043177827115}}