{"mean":{"confidence_interval":{"confidence_level":0.95,"lower_bound":-0.018212578309255642,"upper_bound":-0.011428037723457138},"point_estimate":-0.014947201141312205,"standard_error":0.001778258194165005},"median":{"confidence_interval":{"confidence_level":0.95,"lower_bound":-0.0175676552162205,"upper_bound":-0.014670189256344668},"point_estimate":-0.016735323159125626,"standard_error":0.0006683467737975923}}