{"mean":{"confidence_interval":{"confidence_level":0.99,"lower_bound":-0.027480475497887992,"upper_bound":-0.004711075970082888},"point_estimate":-0.015670445449621262,"standard_error":0.0043855983249847345},"median":{"confidence_interval":{"confidence_level":0.99,"lower_bound":-0.005494908476385645,"upper_bound":-0.0023586047812366017},"point_estimate":-0.0034106938901217188,"standard_error":0.0005590756246944055}}