{"mean":{"confidence_interval":{"confidence_level":0.99,"lower_bound":-0.006036669680830978,"upper_bound":-0.00016213199927904589},"point_estimate":-0.003235512341396851,"standard_error":0.0011450925000634298},"median":{"confidence_interval":{"confidence_level":0.99,"lower_bound":-0.005115277061796613,"upper_bound":-0.0011657526388553219},"point_estimate":-0.0026345604425010993,"standard_error":0.0006903454774021502}}