{"mean":{"confidence_interval":{"confidence_level":0.99,"lower_bound":-0.02134082670731197,"upper_bound":-0.018054021055887427},"point_estimate":-0.019832785257040797,"standard_error":0.0005768984634129165},"median":{"confidence_interval":{"confidence_level":0.99,"lower_bound":-0.026518982855620488,"upper_bound":-0.023900019064515332},"point_estimate":-0.024914995622620895,"standard_error":0.0004787232727917885}}