{"mean":{"confidence_interval":{"confidence_level":0.99,"lower_bound":-0.033772144580567265,"upper_bound":-0.02834414921302672},"point_estimate":-0.03101043351341537,"standard_error":0.0010945585631778438},"median":{"confidence_interval":{"confidence_level":0.99,"lower_bound":-0.03398228517252955,"upper_bound":-0.031133223034884305},"point_estimate":-0.0322908248655841,"standard_error":0.0005627019502405233}}