{"mean":{"confidence_interval":{"confidence_level":0.99,"lower_bound":0.008762927545412542,"upper_bound":0.011832628518837778},"point_estimate":0.010293696724335222,"standard_error":0.0005955252892728595},"median":{"confidence_interval":{"confidence_level":0.99,"lower_bound":0.005383383047761647,"upper_bound":0.012328631661828515},"point_estimate":0.008737062890667335,"standard_error":0.0014527360034274144}}