{"mean":{"confidence_interval":{"confidence_level":0.99,"lower_bound":-0.0027837331010770144,"upper_bound":0.0008126298560746109},"point_estimate":-0.0010773595145523451,"standard_error":0.0006667487447390173},"median":{"confidence_interval":{"confidence_level":0.99,"lower_bound":-0.002536808071463955,"upper_bound":-0.00177055202696081},"point_estimate":-0.002175703924539474,"standard_error":0.00014141724090879987}}