{"mean":{"confidence_interval":{"confidence_level":0.99,"lower_bound":23303.420082446446,"upper_bound":23347.121966261224},"point_estimate":23324.0101213349,"standard_error":8.44370891540754},"median":{"confidence_interval":{"confidence_level":0.99,"lower_bound":23285.12274368231,"upper_bound":23298.27207853513},"point_estimate":23292.60725620847,"standard_error":2.7377642760416765},"median_abs_dev":{"confidence_interval":{"confidence_level":0.99,"lower_bound":35.707719526879494,"upper_bound":46.765922226053696},"point_estimate":40.64828280177608,"standard_error":2.0386683960663383},"slope":{"confidence_interval":{"confidence_level":0.99,"lower_bound":23288.02527976594,"upper_bound":23302.150720771213},"point_estimate":23294.46027207523,"standard_error":2.734807648304064},"std_dev":{"confidence_interval":{"confidence_level":0.99,"lower_bound":113.26689059840372,"upper_bound":263.354496123972},"point_estimate":189.1671316019302,"standard_error":29.544762015847994}}