{"mean":{"confidence_interval":{"confidence_level":0.99,"lower_bound":5489.3869084140915,"upper_bound":5496.492700016521},"point_estimate":5492.706691629957,"standard_error":1.3786879673243877},"median":{"confidence_interval":{"confidence_level":0.99,"lower_bound":5479.900881057269,"upper_bound":5482.929515418502},"point_estimate":5481.3926211453745,"standard_error":0.5776884563694012},"median_abs_dev":{"confidence_interval":{"confidence_level":0.99,"lower_bound":14.083883340269203,"upper_bound":17.687515655146747},"point_estimate":15.919988704147617,"standard_error":0.7102946518503762},"slope":null,"std_dev":{"confidence_interval":{"confidence_level":0.99,"lower_bound":31.653261290860502,"upper_bound":57.609815483256696},"point_estimate":43.44158483840043,"standard_error":5.191117571741505}}