{"mean":{"confidence_interval":{"confidence_level":0.99,"lower_bound":5536.253872934666,"upper_bound":5541.5004766500515},"point_estimate":5538.59706644518,"standard_error":1.0222269461401572},"median":{"confidence_interval":{"confidence_level":0.99,"lower_bound":5532.760797342193,"upper_bound":5535.229789590255},"point_estimate":5534.006644518273,"standard_error":0.558674772936493},"median_abs_dev":{"confidence_interval":{"confidence_level":0.99,"lower_bound":8.552451010953407,"upper_bound":10.877325388284108},"point_estimate":10.05475330986495,"standard_error":0.4537286923928993},"slope":null,"std_dev":{"confidence_interval":{"confidence_level":0.99,"lower_bound":18.174002124489448,"upper_bound":45.77752527362499},"point_estimate":32.30901034450302,"standard_error":5.403822983559247}}