{"mean":{"confidence_interval":{"confidence_level":0.99,"lower_bound":-0.03231200535603496,"upper_bound":0.009910892266062642},"point_estimate":-0.010808156825093063,"standard_error":0.008111727777341855},"median":{"confidence_interval":{"confidence_level":0.99,"lower_bound":-0.007888012244358533,"upper_bound":0.006037926500935384},"point_estimate":-0.002652395479311509,"standard_error":0.002666447654627965}}