{"mean":{"confidence_interval":{"confidence_level":0.99,"lower_bound":-0.021627058236973785,"upper_bound":0.018603852566801894},"point_estimate":-0.0012742630028472757,"standard_error":0.007784361817307622},"median":{"confidence_interval":{"confidence_level":0.99,"lower_bound":-0.007855240204904648,"upper_bound":0.007086621546411154},"point_estimate":-0.0018480016471105198,"standard_error":0.002806668009000253}}