{"mean":{"confidence_interval":{"confidence_level":0.99,"lower_bound":-0.009596363659121318,"upper_bound":-0.0063121576850946525},"point_estimate":-0.007889442756305987,"standard_error":0.000634872602763196},"median":{"confidence_interval":{"confidence_level":0.99,"lower_bound":-0.00641273158075073,"upper_bound":-0.00574794640878986},"point_estimate":-0.006108942237518011,"standard_error":0.00013752286709946504}}