{"mean":{"confidence_interval":{"confidence_level":0.99,"lower_bound":61574.86180486114,"upper_bound":62094.502723819474},"point_estimate":61828.34809722226,"standard_error":101.09582233617715},"median":{"confidence_interval":{"confidence_level":0.99,"lower_bound":60464.118055555555,"upper_bound":60697.34892361112},"point_estimate":60552.65972222222,"standard_error":45.51469976646923},"median_abs_dev":{"confidence_interval":{"confidence_level":0.99,"lower_bound":922.7640461176616,"upper_bound":1177.1431957681925},"point_estimate":1031.7248483498806,"standard_error":50.77000562637486},"slope":null,"std_dev":{"confidence_interval":{"confidence_level":0.99,"lower_bound":2875.9875705601635,"upper_bound":3505.998503145885},"point_estimate":3199.775177355352,"standard_error":122.18668909491177}}