{"mean":{"confidence_interval":{"confidence_level":0.99,"lower_bound":60657.98153981485,"upper_bound":60723.81227567898},"point_estimate":60688.84969135807,"standard_error":12.77404415289906},"median":{"confidence_interval":{"confidence_level":0.99,"lower_bound":60597.72839506173,"upper_bound":60635.8024691358},"point_estimate":60612.4012345679,"standard_error":6.575680609656203},"median_abs_dev":{"confidence_interval":{"confidence_level":0.99,"lower_bound":236.8041624625476,"upper_bound":287.1393467541093},"point_estimate":261.9717546083338,"standard_error":9.73971786556068},"slope":null,"std_dev":{"confidence_interval":{"confidence_level":0.99,"lower_bound":304.4703163269977,"upper_bound":534.1230636540147},"point_estimate":404.8593639133076,"standard_error":46.6969212455038}}