{"mean":{"confidence_interval":{"confidence_level":0.99,"lower_bound":-0.01668331321580939,"upper_bound":-0.008033120017426924},"point_estimate":-0.012181143122936833,"standard_error":0.0016853819899264226},"median":{"confidence_interval":{"confidence_level":0.99,"lower_bound":-0.01943487545059075,"upper_bound":-0.01732144279287531},"point_estimate":-0.018446768246160872,"standard_error":0.0004010890097444583}}