{"mean":{"confidence_interval":{"confidence_level":0.99,"lower_bound":18725.616750689467,"upper_bound":18772.30264207109},"point_estimate":18748.3176132999,"standard_error":9.109089128374913},"median":{"confidence_interval":{"confidence_level":0.99,"lower_bound":18621.835441985757,"upper_bound":18654.950495049507},"point_estimate":18637.132893845563,"standard_error":6.556204767507693},"median_abs_dev":{"confidence_interval":{"confidence_level":0.99,"lower_bound":91.95855697051586,"upper_bound":131.96394703446586},"point_estimate":110.95184641979245,"standard_error":8.039117310093891},"slope":{"confidence_interval":{"confidence_level":0.99,"lower_bound":18676.663238000623,"upper_bound":18717.359584126334},"point_estimate":18696.082621171932,"standard_error":7.948559617452095},"std_dev":{"confidence_interval":{"confidence_level":0.99,"lower_bound":255.03001585124525,"upper_bound":322.22123151662856},"point_estimate":288.37201773300444,"standard_error":13.055352871847138}}