{"mean":{"confidence_interval":{"confidence_level":0.99,"lower_bound":0.0033563912999159183,"upper_bound":0.01262279674756378},"point_estimate":0.00874334630460738,"standard_error":0.001807813004287436},"median":{"confidence_interval":{"confidence_level":0.99,"lower_bound":0.006493790069480856,"upper_bound":0.00906299857617425},"point_estimate":0.007938566631896293,"standard_error":0.0005511743034067713}}