{"mean":{"confidence_interval":{"confidence_level":0.99,"lower_bound":-0.005438243859905112,"upper_bound":0.00004045871112938939},"point_estimate":-0.002690876941348508,"standard_error":0.0010673197086029996},"median":{"confidence_interval":{"confidence_level":0.99,"lower_bound":0.0033521372284656082,"upper_bound":0.00558592073029469},"point_estimate":0.004523381371534851,"standard_error":0.00046111611217673374}}