{"mean":{"confidence_interval":{"confidence_level":0.99,"lower_bound":0.031422910889584266,"upper_bound":0.039406611583152146},"point_estimate":0.03545920817517478,"standard_error":0.0015484565763086947},"median":{"confidence_interval":{"confidence_level":0.99,"lower_bound":0.042788896554146444,"upper_bound":0.05323907777285183},"point_estimate":0.04777455331012037,"standard_error":0.0019203445812211303}}