{"mean":{"confidence_interval":{"confidence_level":0.99,"lower_bound":-0.011031511013715687,"upper_bound":-0.009280748583222974},"point_estimate":-0.01013350588783557,"standard_error":0.00033822788837140446},"median":{"confidence_interval":{"confidence_level":0.99,"lower_bound":-0.009944609784727517,"upper_bound":-0.009079418738858126},"point_estimate":-0.009554463262175128,"standard_error":0.0001948096786597895}}