{"mean":{"confidence_interval":{"confidence_level":0.99,"lower_bound":0.02261379893412673,"upper_bound":0.026692166193008297},"point_estimate":0.024426855141712833,"standard_error":0.0007355746123994424},"median":{"confidence_interval":{"confidence_level":0.99,"lower_bound":0.009481864392775324,"upper_bound":0.04412170906648205},"point_estimate":0.04263257887690397,"standard_error":0.007207270717287801}}