{"mean":{"confidence_interval":{"confidence_level":0.99,"lower_bound":-0.034004627763285965,"upper_bound":-0.029169794781897157},"point_estimate":-0.03172021282884596,"standard_error":0.0009281168983902391},"median":{"confidence_interval":{"confidence_level":0.99,"lower_bound":-0.03349022436729568,"upper_bound":-0.031242245321925252},"point_estimate":-0.03229317796250286,"standard_error":0.00044552406577431903}}