{"mean":{"confidence_interval":{"confidence_level":0.99,"lower_bound":-0.01799268562749429,"upper_bound":-0.016060099687058675},"point_estimate":-0.01701834415043646,"standard_error":0.0003763988685436213},"median":{"confidence_interval":{"confidence_level":0.99,"lower_bound":-0.015840427402888362,"upper_bound":-0.01371006487254118},"point_estimate":-0.014702383647324124,"standard_error":0.000442061614451541}}