{"mean":{"confidence_interval":{"confidence_level":0.99,"lower_bound":5504.2241552245305,"upper_bound":5514.236545821469},"point_estimate":5508.9918718510435,"standard_error":1.949658677570402},"median":{"confidence_interval":{"confidence_level":0.99,"lower_bound":5489.207009857612,"upper_bound":5496.075575027382},"point_estimate":5492.538335158817,"standard_error":1.425141327081813},"median_abs_dev":{"confidence_interval":{"confidence_level":0.99,"lower_bound":22.09122677100026,"upper_bound":27.33553850703017},"point_estimate":24.730027381326618,"standard_error":0.9954976282367664},"slope":null,"std_dev":{"confidence_interval":{"confidence_level":0.99,"lower_bound":47.85344304911976,"upper_bound":75.49090167017587},"point_estimate":61.50928422282028,"standard_error":5.429000299343125}}