{"mean":{"confidence_interval":{"confidence_level":0.99,"lower_bound":27650.96624065937,"upper_bound":28479.43060313187},"point_estimate":27993.84103296704,"standard_error":163.1065914337766},"median":{"confidence_interval":{"confidence_level":0.99,"lower_bound":27559.752747252747,"upper_bound":27571.771978021978},"point_estimate":27561.70054945055,"standard_error":3.0648104979078763},"median_abs_dev":{"confidence_interval":{"confidence_level":0.99,"lower_bound":44.461706902954845,"upper_bound":55.49159901482603},"point_estimate":48.033795301078015,"standard_error":1.8867554880490087},"slope":null,"std_dev":{"confidence_interval":{"confidence_level":0.99,"lower_bound":1346.0913543320369,"upper_bound":8008.017872695914},"point_estimate":5168.1021578004675,"standard_error":1243.2675736407161}}