{"mean":{"confidence_interval":{"confidence_level":0.99,"lower_bound":-0.01622988471131556,"upper_bound":-0.011332856404974088},"point_estimate":-0.013892632028718266,"standard_error":0.0008897410392490739},"median":{"confidence_interval":{"confidence_level":0.99,"lower_bound":-0.016190345391957073,"upper_bound":-0.009577401891413873},"point_estimate":-0.01421783837265389,"standard_error":0.0011285800223692073}}