{"mean":{"confidence_interval":{"confidence_level":0.99,"lower_bound":0.0798706051812499,"upper_bound":0.12967177314866063},"point_estimate":0.10460376499312751,"standard_error":0.009589582218879261},"median":{"confidence_interval":{"confidence_level":0.99,"lower_bound":0.0494559844249034,"upper_bound":0.19945988145801294},"point_estimate":0.19018979975304506,"standard_error":0.021043885353004912}}