{"mean":{"confidence_interval":{"confidence_level":0.99,"lower_bound":-0.002510588480720502,"upper_bound":0.029779369301552113},"point_estimate":0.009611887464220592,"standard_error":0.006479126286729732},"median":{"confidence_interval":{"confidence_level":0.99,"lower_bound":-0.0034748180628200176,"upper_bound":-0.002699538137939067},"point_estimate":-0.0031427772943706245,"standard_error":0.0001565076046934641}}