{"mean":{"confidence_interval":{"confidence_level":0.99,"lower_bound":-0.04550183589768989,"upper_bound":-0.02326411432004294},"point_estimate":-0.03441636917360902,"standard_error":0.004305825529067023},"median":{"confidence_interval":{"confidence_level":0.99,"lower_bound":-0.04502504739177861,"upper_bound":-0.03604718268867069},"point_estimate":-0.03886966226559818,"standard_error":0.0021704173564035343}}