{"mean":{"confidence_interval":{"confidence_level":0.99,"lower_bound":-0.01859610020900486,"upper_bound":-0.008378619652873459},"point_estimate":-0.013904374388493013,"standard_error":0.0020030002534216465},"median":{"confidence_interval":{"confidence_level":0.99,"lower_bound":-0.0008250409478443931,"upper_bound":-0.00005716492401514933},"point_estimate":-0.0003868513950655572,"standard_error":0.00015452913306917345}}