{"mean":{"confidence_interval":{"confidence_level":0.99,"lower_bound":-0.002703102830731473,"upper_bound":0.0021176277593942423},"point_estimate":-0.0006488842535805617,"standard_error":0.0009040253368584449},"median":{"confidence_interval":{"confidence_level":0.99,"lower_bound":-0.0013973586184546916,"upper_bound":-0.0006015262601227755},"point_estimate":-0.0010325070656820312,"standard_error":0.0001569455226290551}}