{"mean":{"confidence_interval":{"confidence_level":0.99,"lower_bound":-0.018849255471733117,"upper_bound":-0.00837007680838844},"point_estimate":-0.014080814922444396,"standard_error":0.0020600843654198023},"median":{"confidence_interval":{"confidence_level":0.99,"lower_bound":-0.021426310379291477,"upper_bound":-0.018394574617477108},"point_estimate":-0.01972996839493235,"standard_error":0.0005412871852602025}}