{"mean":{"confidence_interval":{"confidence_level":0.99,"lower_bound":-0.01659907454657539,"upper_bound":-0.009463706625284651},"point_estimate":-0.01303813228832651,"standard_error":0.0013779456355131818},"median":{"confidence_interval":{"confidence_level":0.99,"lower_bound":-0.008067227245590477,"upper_bound":-0.0007532824738757213},"point_estimate":-0.004263630636495819,"standard_error":0.0014505845375823497}}