{"mean":{"confidence_interval":{"confidence_level":0.99,"lower_bound":-0.005847045732695332,"upper_bound":-0.0008186384205328062},"point_estimate":-0.0033503561278797056,"standard_error":0.00098084869604359},"median":{"confidence_interval":{"confidence_level":0.99,"lower_bound":-0.0038306946263658897,"upper_bound":-0.0017449786590773364},"point_estimate":-0.002885329700978545,"standard_error":0.00041480890692938073}}