{"mean":{"confidence_interval":{"confidence_level":0.99,"lower_bound":0.003450035265248465,"upper_bound":0.005003201818418435},"point_estimate":0.004183750309823653,"standard_error":0.00029275230044638686},"median":{"confidence_interval":{"confidence_level":0.99,"lower_bound":0.005301483376948024,"upper_bound":0.005851071123608387},"point_estimate":0.005578288405904797,"standard_error":0.00011611190310815155}}