{"mean":{"confidence_interval":{"confidence_level":0.99,"lower_bound":-0.0027638505468858252,"upper_bound":0.0012450155504727235},"point_estimate":-0.0005667574505211492,"standard_error":0.0007706483717275553},"median":{"confidence_interval":{"confidence_level":0.99,"lower_bound":-0.00039204435382247385,"upper_bound":0.0004280065065539842},"point_estimate":0.000010330567454364115,"standard_error":0.00015637997180001638}}