{"mean":{"confidence_interval":{"confidence_level":0.99,"lower_bound":0.016583140547008678,"upper_bound":0.12409697970854396},"point_estimate":0.05490184739955839,"standard_error":0.022245293947534096},"median":{"confidence_interval":{"confidence_level":0.99,"lower_bound":0.02058066255657573,"upper_bound":0.024836523162208524},"point_estimate":0.022959427965170143,"standard_error":0.000929360794251585}}