{"mean":{"confidence_interval":{"confidence_level":0.99,"lower_bound":0.015072200427759199,"upper_bound":0.018631841671035952},"point_estimate":0.01682418014027509,"standard_error":0.0007077507133909068},"median":{"confidence_interval":{"confidence_level":0.99,"lower_bound":0.019818829083602958,"upper_bound":0.021618119175468742},"point_estimate":0.0204922117986992,"standard_error":0.0003798437838463843}}