{"mean":{"confidence_interval":{"confidence_level":0.99,"lower_bound":-0.02095673990613731,"upper_bound":0.027611644061878604},"point_estimate":0.002834063466194303,"standard_error":0.00943655826441794},"median":{"confidence_interval":{"confidence_level":0.99,"lower_bound":-0.007092097341824033,"upper_bound":0.010370967415905596},"point_estimate":0.0010693409134425735,"standard_error":0.0033157112631242284}}