{"mean":{"confidence_interval":{"confidence_level":0.99,"lower_bound":0.001302900161434797,"upper_bound":0.006550952401713878},"point_estimate":0.003966172789047651,"standard_error":0.0010198868516544351},"median":{"confidence_interval":{"confidence_level":0.99,"lower_bound":-0.0024296885569064274,"upper_bound":0.000574856455786664},"point_estimate":-0.0007721472626350812,"standard_error":0.0005771139016967094}}