{"mean":{"confidence_interval":{"confidence_level":0.99,"lower_bound":0.010595627950068964,"upper_bound":0.017672802648691838},"point_estimate":0.014246405298732556,"standard_error":0.0013851890307635206},"median":{"confidence_interval":{"confidence_level":0.99,"lower_bound":-0.0027451993142336094,"upper_bound":-0.0014688376281369307},"point_estimate":-0.0021389767865732656,"standard_error":0.0002487715034529566}}