{"mean":{"confidence_interval":{"confidence_level":0.99,"lower_bound":0.006133196734995057,"upper_bound":0.012140919930167365},"point_estimate":0.00929677776806237,"standard_error":0.0011674781011987484},"median":{"confidence_interval":{"confidence_level":0.99,"lower_bound":0.01739205958789869,"upper_bound":0.018239263865665878},"point_estimate":0.017775675263258295,"standard_error":0.000161223372827268}}