{"mean":{"confidence_interval":{"confidence_level":0.99,"lower_bound":-0.003675637202884405,"upper_bound":0.000566211918131273},"point_estimate":-0.001580551794067353,"standard_error":0.000825773508617034},"median":{"confidence_interval":{"confidence_level":0.99,"lower_bound":-0.0015473948615848448,"upper_bound":-0.0006378150107945857},"point_estimate":-0.0011014860951460426,"standard_error":0.00017322849516519884}}