{"mean":{"confidence_interval":{"confidence_level":0.99,"lower_bound":5524.466272111261,"upper_bound":5548.840701290285},"point_estimate":5535.9133499980735,"standard_error":4.7083944269221965},"median":{"confidence_interval":{"confidence_level":0.99,"lower_bound":5495.358451077207,"upper_bound":5503.925662878788},"point_estimate":5498.186165411508,"standard_error":1.484723056670124},"median_abs_dev":{"confidence_interval":{"confidence_level":0.99,"lower_bound":14.261597685464505,"upper_bound":25.06727203391242},"point_estimate":18.274313134459874,"standard_error":1.849799204099013},"slope":{"confidence_interval":{"confidence_level":0.99,"lower_bound":5505.765286408667,"upper_bound":5519.229415805341},"point_estimate":5512.128269610629,"standard_error":2.6059723809018625},"std_dev":{"confidence_interval":{"confidence_level":0.99,"lower_bound":77.95764641855506,"upper_bound":132.22065248039135},"point_estimate":105.44182844668724,"standard_error":10.560122928592833}}