{"mean":{"confidence_interval":{"confidence_level":0.99,"lower_bound":0.012369055979793596,"upper_bound":0.016783448425231974},"point_estimate":0.014525235599135211,"standard_error":0.0008390371345958633},"median":{"confidence_interval":{"confidence_level":0.99,"lower_bound":0.014987306448925451,"upper_bound":0.016154722314150154},"point_estimate":0.015543043665722678,"standard_error":0.00022966180477361386}}