{"mean":{"confidence_interval":{"confidence_level":0.99,"lower_bound":5542.9751805585065,"upper_bound":5568.032713401858},"point_estimate":5555.479516797349,"standard_error":4.846759577818242},"median":{"confidence_interval":{"confidence_level":0.99,"lower_bound":5529.519915254237,"upper_bound":5537.895560677234},"point_estimate":5533.136473384974,"standard_error":1.7731843197073134},"median_abs_dev":{"confidence_interval":{"confidence_level":0.99,"lower_bound":23.740990727162202,"upper_bound":36.13708747441458},"point_estimate":28.5215247935154,"standard_error":2.4765964827711366},"slope":{"confidence_interval":{"confidence_level":0.99,"lower_bound":5559.059841726947,"upper_bound":5579.165563892544},"point_estimate":5568.685926241424,"standard_error":3.9144937483061413},"std_dev":{"confidence_interval":{"confidence_level":0.99,"lower_bound":88.33985252978414,"upper_bound":126.73666711543065},"point_estimate":107.8939241446339,"standard_error":7.4513177989227195}}