{"mean":{"confidence_interval":{"confidence_level":0.99,"lower_bound":13529.036279430115,"upper_bound":13575.756565685208},"point_estimate":13551.824729986422,"standard_error":9.098106060493693},"median":{"confidence_interval":{"confidence_level":0.99,"lower_bound":13434.701492537313,"upper_bound":13466.106512890095},"point_estimate":13449.79579375848,"standard_error":6.234154219631222},"median_abs_dev":{"confidence_interval":{"confidence_level":0.99,"lower_bound":77.78520106137192,"upper_bound":129.79388277032447},"point_estimate":99.95479808976134,"standard_error":9.773634128488178},"slope":null,"std_dev":{"confidence_interval":{"confidence_level":0.99,"lower_bound":184.6895500759085,"upper_bound":221.99766591177888},"point_estimate":203.50939318234555,"standard_error":7.258349972117574}}