{"mean":{"confidence_interval":{"confidence_level":0.99,"lower_bound":-0.015413735066255612,"upper_bound":-0.010303033099534129},"point_estimate":-0.012695638119222918,"standard_error":0.0009987752585515807},"median":{"confidence_interval":{"confidence_level":0.99,"lower_bound":-0.007800992044476707,"upper_bound":-0.002695098445724037},"point_estimate":-0.005860542531640478,"standard_error":0.001424974260703792}}