{"mean":{"confidence_interval":{"confidence_level":0.99,"lower_bound":0.028477800404118497,"upper_bound":0.035592362024937194},"point_estimate":0.032352503461353654,"standard_error":0.0013618696677358876},"median":{"confidence_interval":{"confidence_level":0.99,"lower_bound":0.03262148176007756,"upper_bound":0.03795440414692409},"point_estimate":0.034559600672489754,"standard_error":0.0009794510039973588}}