{"mean":{"confidence_interval":{"confidence_level":0.99,"lower_bound":-0.02623274051684662,"upper_bound":-0.0151616762322457},"point_estimate":-0.021179834611602333,"standard_error":0.0022642834001506207},"median":{"confidence_interval":{"confidence_level":0.99,"lower_bound":-0.04333232888181325,"upper_bound":-0.03675582577951154},"point_estimate":-0.03954147632346472,"standard_error":0.001371168737689376}}