{"mean":{"confidence_interval":{"confidence_level":0.99,"lower_bound":5502.0185175550405,"upper_bound":5509.625911883241},"point_estimate":5505.722538546228,"standard_error":1.4731868954623133},"median":{"confidence_interval":{"confidence_level":0.99,"lower_bound":5498.485682819383,"upper_bound":5502.501101321586},"point_estimate":5500.023127753304,"standard_error":0.8657463835808764},"median_abs_dev":{"confidence_interval":{"confidence_level":0.99,"lower_bound":7.416265507101161,"upper_bound":10.272882967399692},"point_estimate":8.87763882917432,"standard_error":0.6388722029079594},"slope":null,"std_dev":{"confidence_interval":{"confidence_level":0.99,"lower_bound":33.39911371555734,"upper_bound":60.189473228826316},"point_estimate":46.61367745525253,"standard_error":5.253820193056721}}