{"mean":{"confidence_interval":{"confidence_level":0.99,"lower_bound":-0.014960698974609164,"upper_bound":0.0001864217617756874},"point_estimate":-0.004858892509546742,"standard_error":0.0031058834430769725},"median":{"confidence_interval":{"confidence_level":0.99,"lower_bound":-0.002211694244914911,"upper_bound":0.00044344416032857917},"point_estimate":-0.0007822181866574685,"standard_error":0.0005315803457852521}}