{"mean":{"confidence_interval":{"confidence_level":0.99,"lower_bound":9409.774883762271,"upper_bound":9431.391449228551},"point_estimate":9419.731063704967,"standard_error":4.15822198195052},"median":{"confidence_interval":{"confidence_level":0.99,"lower_bound":9391.901694915254,"upper_bound":9403.597240634155},"point_estimate":9396.788170405243,"standard_error":2.4101277677672543},"median_abs_dev":{"confidence_interval":{"confidence_level":0.99,"lower_bound":27.996269008522823,"upper_bound":41.033751590063424},"point_estimate":34.79699942644254,"standard_error":2.7818254737615247},"slope":{"confidence_interval":{"confidence_level":0.99,"lower_bound":9400.252246701935,"upper_bound":9415.525957954718},"point_estimate":9407.551444627228,"standard_error":2.9470197046145103},"std_dev":{"confidence_interval":{"confidence_level":0.99,"lower_bound":66.58577629580397,"upper_bound":122.57414893386571},"point_estimate":93.10847233611389,"standard_error":11.115927659891245}}