{"mean":{"confidence_interval":{"confidence_level":0.99,"lower_bound":5367.206053845742,"upper_bound":5374.019156084151},"point_estimate":5369.945300970876,"standard_error":1.3380387080540774},"median":{"confidence_interval":{"confidence_level":0.99,"lower_bound":5365.043959007551,"upper_bound":5365.6957928802585},"point_estimate":5365.347357065804,"standard_error":0.1320238876510918},"median_abs_dev":{"confidence_interval":{"confidence_level":0.99,"lower_bound":2.6321347429138773,"upper_bound":3.9152154644716854},"point_estimate":3.2818717863955715,"standard_error":0.23190029018048125},"slope":null,"std_dev":{"confidence_interval":{"confidence_level":0.99,"lower_bound":11.269667112165626,"upper_bound":51.204801004800146},"point_estimate":29.905619210323234,"standard_error":8.908812127187609}}