{"mean":{"confidence_interval":{"confidence_level":0.99,"lower_bound":5469.810561528602,"upper_bound":5504.7518411174},"point_estimate":5486.6287159961685,"standard_error":6.798067875527049},"median":{"confidence_interval":{"confidence_level":0.99,"lower_bound":5404.271369626926,"upper_bound":5431.166598929757},"point_estimate":5413.07522774791,"standard_error":5.176216803708497},"median_abs_dev":{"confidence_interval":{"confidence_level":0.99,"lower_bound":29.84046054379132,"upper_bound":68.06769819794441},"point_estimate":42.788094869686546,"standard_error":7.530187796372441},"slope":{"confidence_interval":{"confidence_level":0.99,"lower_bound":5430.818300971024,"upper_bound":5450.6256336622855},"point_estimate":5440.122021789588,"standard_error":3.8265497431585476},"std_dev":{"confidence_interval":{"confidence_level":0.99,"lower_bound":126.74968313586045,"upper_bound":175.9633479265035},"point_estimate":151.60910570441794,"standard_error":9.531775701864989}}