{"mean":{"confidence_interval":{"confidence_level":0.99,"lower_bound":-0.0020679858626905293,"upper_bound":0.001510578029996024},"point_estimate":-0.0003436329022741269,"standard_error":0.0006817665094873696},"median":{"confidence_interval":{"confidence_level":0.99,"lower_bound":-0.0018725891260814437,"upper_bound":-0.0011362987482788523},"point_estimate":-0.001443824356828105,"standard_error":0.00013896303345208266}}