{"mean":{"confidence_interval":{"confidence_level":0.99,"lower_bound":35983.09844620068,"upper_bound":36946.07387003815},"point_estimate":36454.295248236085,"standard_error":186.8387921939744},"median":{"confidence_interval":{"confidence_level":0.99,"lower_bound":33898.52424589538,"upper_bound":34703.32236244029},"point_estimate":34335.29154313046,"standard_error":149.55934981039323},"median_abs_dev":{"confidence_interval":{"confidence_level":0.99,"lower_bound":753.1032328054565,"upper_bound":1805.0565289357603},"point_estimate":1258.6105083893042,"standard_error":200.91803533187553},"slope":{"confidence_interval":{"confidence_level":0.99,"lower_bound":36573.93009594324,"upper_bound":37653.234325814345},"point_estimate":37092.524643081466,"standard_error":209.3310053916059},"std_dev":{"confidence_interval":{"confidence_level":0.99,"lower_bound":3810.045355567281,"upper_bound":4486.087009178114},"point_estimate":4174.506834068982,"standard_error":130.76282122688207}}