{"mean":{"confidence_interval":{"confidence_level":0.99,"lower_bound":0.0029698268120042282,"upper_bound":0.007083126092160987},"point_estimate":0.005042234977699067,"standard_error":0.0008106975685134738},"median":{"confidence_interval":{"confidence_level":0.99,"lower_bound":-0.0004449187073777854,"upper_bound":0.0005360973392380952},"point_estimate":0.00005144024647041334,"standard_error":0.00018243974099923808}}