{"mean":{"confidence_interval":{"confidence_level":0.99,"lower_bound":-0.10826658198910026,"upper_bound":-0.06090781991747211},"point_estimate":-0.08534655185765327,"standard_error":0.009051493960206795},"median":{"confidence_interval":{"confidence_level":0.99,"lower_bound":-0.08822893983986303,"upper_bound":-0.004846178499014008},"point_estimate":-0.03782723273280586,"standard_error":0.016047448994287217}}