{"mean":{"confidence_interval":{"confidence_level":0.99,"lower_bound":10823.322273842808,"upper_bound":10944.319108460702},"point_estimate":10869.448840611354,"standard_error":24.153195305497743},"median":{"confidence_interval":{"confidence_level":0.99,"lower_bound":10765.829694323143,"upper_bound":10800.400655021835},"point_estimate":10778.45251091703,"standard_error":6.439587750137748},"median_abs_dev":{"confidence_interval":{"confidence_level":0.99,"lower_bound":76.2414047528858,"upper_bound":111.61259027448497},"point_estimate":90.33581990277047,"standard_error":6.932775631702178},"slope":null,"std_dev":{"confidence_interval":{"confidence_level":0.99,"lower_bound":133.37376107953693,"upper_bound":954.3377621907315},"point_estimate":540.6838437271381,"standard_error":184.87868770785403}}