{"mean":{"confidence_interval":{"confidence_level":0.99,"lower_bound":10052.891463255579,"upper_bound":10086.602966784998},"point_estimate":10069.157563894525,"standard_error":6.506372290853515},"median":{"confidence_interval":{"confidence_level":0.99,"lower_bound":10024.573022312372,"upper_bound":10106.914003549695},"point_estimate":10070.211967545638,"standard_error":17.753563399182806},"median_abs_dev":{"confidence_interval":{"confidence_level":0.99,"lower_bound":136.14207324222554,"upper_bound":179.8742615124761},"point_estimate":168.5653016726817,"standard_error":8.036783700255864},"slope":null,"std_dev":{"confidence_interval":{"confidence_level":0.99,"lower_bound":119.09199118738013,"upper_bound":175.47697396902535},"point_estimate":145.82963574965086,"standard_error":11.159557153755324}}