{"mean":{"confidence_interval":{"confidence_level":0.99,"lower_bound":0.013087359769003609,"upper_bound":0.016974747209289678},"point_estimate":0.015107963747720055,"standard_error":0.0007372578453795704},"median":{"confidence_interval":{"confidence_level":0.99,"lower_bound":0.016153265761861955,"upper_bound":0.01729485294448363},"point_estimate":0.016836819361916167,"standard_error":0.00023182769135037155}}