{"mean":{"confidence_interval":{"confidence_level":0.99,"lower_bound":30200.316342078295,"upper_bound":30416.664539789155},"point_estimate":30305.845993975894,"standard_error":42.00101420381523},"median":{"confidence_interval":{"confidence_level":0.99,"lower_bound":29677.0843373494,"upper_bound":29692.14156626506},"point_estimate":29682.60843373494,"standard_error":3.1641573490326986},"median_abs_dev":{"confidence_interval":{"confidence_level":0.99,"lower_bound":114.99081121151778,"upper_bound":138.62843400571703},"point_estimate":124.48480983814626,"standard_error":4.80599310907361},"slope":null,"std_dev":{"confidence_interval":{"confidence_level":0.99,"lower_bound":1207.9718140398084,"upper_bound":1461.9849970092241},"point_estimate":1337.0861903358712,"standard_error":49.27746806954239}}