{"mean":{"confidence_interval":{"confidence_level":0.99,"lower_bound":-0.0019038642788582255,"upper_bound":0.0023476012659156453},"point_estimate":0.0003724882827020881,"standard_error":0.0008307209861924673},"median":{"confidence_interval":{"confidence_level":0.99,"lower_bound":-0.0016814360920071074,"upper_bound":-0.0006842224293017839},"point_estimate":-0.0012228302532454327,"standard_error":0.0001851652316281155}}