{"mean":{"confidence_interval":{"confidence_level":0.99,"lower_bound":0.12303302509755124,"upper_bound":0.19977038304641723},"point_estimate":0.15607634868981934,"standard_error":0.015120504946046644},"median":{"confidence_interval":{"confidence_level":0.99,"lower_bound":0.06865219969440717,"upper_bound":0.0764584198670349},"point_estimate":0.07222689602398424,"standard_error":0.001523589895010829}}