{"mean":{"confidence_interval":{"confidence_level":0.99,"lower_bound":-0.0015959745463271493,"upper_bound":-0.00004649578223957455},"point_estimate":-0.0008089656076747387,"standard_error":0.00030623035216671463},"median":{"confidence_interval":{"confidence_level":0.99,"lower_bound":-0.001406475966230765,"upper_bound":-0.000489691075667098},"point_estimate":-0.00099560932081999,"standard_error":0.0001909096433393835}}