{"mean":{"confidence_interval":{"confidence_level":0.99,"lower_bound":0.005280611507038934,"upper_bound":0.014640241150690847},"point_estimate":0.009903735477401643,"standard_error":0.001784291690290995},"median":{"confidence_interval":{"confidence_level":0.99,"lower_bound":0.007693955019396567,"upper_bound":0.0222330387219308},"point_estimate":0.017636272743350556,"standard_error":0.0026008941709884403}}