{"mean":{"confidence_interval":{"confidence_level":0.99,"lower_bound":0.005947656670158472,"upper_bound":0.009001711138728743},"point_estimate":0.007467670954768968,"standard_error":0.000593901052426684},"median":{"confidence_interval":{"confidence_level":0.99,"lower_bound":0.004941626384580449,"upper_bound":0.007296620021031807},"point_estimate":0.006438786505402971,"standard_error":0.00045795831108593886}}