{"mean":{"confidence_interval":{"confidence_level":0.99,"lower_bound":-0.012857346675774534,"upper_bound":-0.005735773993564896},"point_estimate":-0.009249936589915908,"standard_error":0.0014025041761252326},"median":{"confidence_interval":{"confidence_level":0.99,"lower_bound":-0.01867080789945804,"upper_bound":-0.015333971323556092},"point_estimate":-0.017023427088780907,"standard_error":0.0006245850143310593}}