{"mean":{"confidence_interval":{"confidence_level":0.99,"lower_bound":-0.0027220043728788555,"upper_bound":0.0008602356265843084},"point_estimate":-0.0010862079975229033,"standard_error":0.0006813932182472569},"median":{"confidence_interval":{"confidence_level":0.99,"lower_bound":-0.0021540795890143682,"upper_bound":-0.0013453110326732132},"point_estimate":-0.0017932006140775059,"standard_error":0.00015903832811347147}}