{"mean":{"confidence_interval":{"confidence_level":0.99,"lower_bound":-0.02102291384000419,"upper_bound":-0.014768763058734754},"point_estimate":-0.01827970120267397,"standard_error":0.0012122912947601224},"median":{"confidence_interval":{"confidence_level":0.99,"lower_bound":-0.01876007543753566,"upper_bound":-0.0006824762817123852},"point_estimate":-0.004349836624496395,"standard_error":0.004295115468242569}}