{"mean":{"confidence_interval":{"confidence_level":0.99,"lower_bound":-0.06830895661100678,"upper_bound":-0.04092683562359636},"point_estimate":-0.054833604604085595,"standard_error":0.005331415884574702},"median":{"confidence_interval":{"confidence_level":0.99,"lower_bound":-0.046415195189293046,"upper_bound":-0.015897390017262536},"point_estimate":-0.024642030940647097,"standard_error":0.004743479766241373}}