{"mean":{"confidence_interval":{"confidence_level":0.99,"lower_bound":13314.437725765636,"upper_bound":13332.362119347536},"point_estimate":13322.315358189091,"standard_error":3.4812593174552444},"median":{"confidence_interval":{"confidence_level":0.99,"lower_bound":13308.8655126498,"upper_bound":13312.360852197071},"point_estimate":13310.3362183755,"standard_error":0.6250741138135423},"median_abs_dev":{"confidence_interval":{"confidence_level":0.99,"lower_bound":8.020056448826834,"upper_bound":11.968396866747163},"point_estimate":9.625054822463133,"standard_error":0.7731397921715312},"slope":null,"std_dev":{"confidence_interval":{"confidence_level":0.99,"lower_bound":34.92825549951602,"upper_bound":118.49814382892073},"point_estimate":77.85164764787758,"standard_error":16.744168778927985}}