{"mean":{"confidence_interval":{"confidence_level":0.99,"lower_bound":-0.00653155422534816,"upper_bound":-0.0020971109615598024},"point_estimate":-0.004350571012459725,"standard_error":0.0008559459376199313},"median":{"confidence_interval":{"confidence_level":0.99,"lower_bound":-0.0030631948149577068,"upper_bound":-0.001428154032869903},"point_estimate":-0.0022105652807064002,"standard_error":0.00029627599308519956}}