{"mean":{"confidence_interval":{"confidence_level":0.99,"lower_bound":9923.391940159832,"upper_bound":9937.57918324675},"point_estimate":9929.192213786217,"standard_error":2.7846092440608445},"median":{"confidence_interval":{"confidence_level":0.99,"lower_bound":9917.811188811189,"upper_bound":9919.538461538461},"point_estimate":9919.268231768232,"standard_error":0.3334148123480571},"median_abs_dev":{"confidence_interval":{"confidence_level":0.99,"lower_bound":4.3826306914244695,"upper_bound":8.083946709627662},"point_estimate":5.831905490869028,"standard_error":0.7150278081969481},"slope":null,"std_dev":{"confidence_interval":{"confidence_level":0.99,"lower_bound":23.20333468064238,"upper_bound":103.18275741284499},"point_estimate":62.446798263483515,"standard_error":17.09536766404924}}