{"mean":{"confidence_interval":{"confidence_level":0.99,"lower_bound":33240.21694725163,"upper_bound":33266.47077367546},"point_estimate":33251.71475496688,"standard_error":5.096441633067727},"median":{"confidence_interval":{"confidence_level":0.99,"lower_bound":33228.20529801324,"upper_bound":33239.23841059603},"point_estimate":33234.82119205298,"standard_error":1.7759647110271628},"median_abs_dev":{"confidence_interval":{"confidence_level":0.99,"lower_bound":48.6901541024681,"upper_bound":58.91616650369765},"point_estimate":54.826743397497516,"standard_error":1.8512261719549485},"slope":null,"std_dev":{"confidence_interval":{"confidence_level":0.99,"lower_bound":86.93491690618241,"upper_bound":241.1878879431114},"point_estimate":161.29337827562523,"standard_error":32.172575048265294}}