{"mean":{"confidence_interval":{"confidence_level":0.99,"lower_bound":101523.85925020016,"upper_bound":104282.42746900006},"point_estimate":102805.90931999996,"standard_error":537.534574637451},"median":{"confidence_interval":{"confidence_level":0.99,"lower_bound":98299.16,"upper_bound":100052.08},"point_estimate":98796.67,"standard_error":368.8564493503291},"median_abs_dev":{"confidence_interval":{"confidence_level":0.99,"lower_bound":7994.312492072577,"upper_bound":9898.819053720841},"point_estimate":9150.102953553205,"standard_error":339.9275363109763},"slope":null,"std_dev":{"confidence_interval":{"confidence_level":0.99,"lower_bound":12299.529533137875,"upper_bound":22102.307177390347},"point_estimate":16956.88511661022,"standard_error":1929.353294916025}}