{"mean":{"confidence_interval":{"confidence_level":0.99,"lower_bound":10721.497171132487,"upper_bound":10769.723968463344},"point_estimate":10744.916245638595,"standard_error":9.403414447713136},"median":{"confidence_interval":{"confidence_level":0.99,"lower_bound":10703.8365783709,"upper_bound":10730.629761904762},"point_estimate":10716.317627413486,"standard_error":5.508081909228606},"median_abs_dev":{"confidence_interval":{"confidence_level":0.99,"lower_bound":77.3053886051699,"upper_bound":106.81216526510049},"point_estimate":90.61246595910102,"standard_error":5.553551018627212},"slope":{"confidence_interval":{"confidence_level":0.99,"lower_bound":10707.343033930007,"upper_bound":10726.353162931715},"point_estimate":10716.338092021751,"standard_error":3.6893799439001462},"std_dev":{"confidence_interval":{"confidence_level":0.99,"lower_bound":170.87837330945032,"upper_bound":254.775283402733},"point_estimate":211.32666093569964,"standard_error":16.58069722804625}}