{"mean":{"confidence_interval":{"confidence_level":0.99,"lower_bound":-0.011724489704925317,"upper_bound":-0.005329648769504541},"point_estimate":-0.008601332113254756,"standard_error":0.0012172507225674564},"median":{"confidence_interval":{"confidence_level":0.99,"lower_bound":-0.011992824344756941,"upper_bound":-0.011239378266477236},"point_estimate":-0.011691174819420058,"standard_error":0.00015147123999801758}}