{"mean":{"confidence_interval":{"confidence_level":0.99,"lower_bound":-0.06884169178134689,"upper_bound":-0.06439024814566906},"point_estimate":-0.06673829555398447,"standard_error":0.0008092846542729758},"median":{"confidence_interval":{"confidence_level":0.99,"lower_bound":-0.07003539342147784,"upper_bound":-0.06098819675664375},"point_estimate":-0.0653707154739468,"standard_error":0.0017406907632299003}}