{"mean":{"confidence_interval":{"confidence_level":0.99,"lower_bound":0.016673225746375527,"upper_bound":0.028321840212181388},"point_estimate":0.022865101062908177,"standard_error":0.0022485012428340254},"median":{"confidence_interval":{"confidence_level":0.99,"lower_bound":0.015336781131788466,"upper_bound":0.02699771606816881},"point_estimate":0.022105690912616938,"standard_error":0.0018928745694658095}}