{"mean":{"confidence_interval":{"confidence_level":0.99,"lower_bound":0.0024076340311734814,"upper_bound":0.005481940303840607},"point_estimate":0.003989437889912795,"standard_error":0.0005969330745940338},"median":{"confidence_interval":{"confidence_level":0.99,"lower_bound":0.004375903765495792,"upper_bound":0.005157202631704161},"point_estimate":0.004702594867562304,"standard_error":0.00014713379082086656}}