{"mean":{"confidence_interval":{"confidence_level":0.99,"lower_bound":16113.839073011191,"upper_bound":16177.19913679665},"point_estimate":16143.685338953383,"standard_error":12.24280964157177},"median":{"confidence_interval":{"confidence_level":0.99,"lower_bound":15996.609756097561,"upper_bound":16072.222222222223},"point_estimate":16026.992193223443,"standard_error":17.15140425355853},"median_abs_dev":{"confidence_interval":{"confidence_level":0.99,"lower_bound":104.08950037426241,"upper_bound":209.8611451920813},"point_estimate":146.26300095578202,"standard_error":23.71642003508157},"slope":{"confidence_interval":{"confidence_level":0.99,"lower_bound":15998.7034618534,"upper_bound":16027.74298366017},"point_estimate":16012.208823982404,"standard_error":5.644875369923828},"std_dev":{"confidence_interval":{"confidence_level":0.99,"lower_bound":215.43629141442904,"upper_bound":372.0426663087501},"point_estimate":273.95840567105193,"standard_error":35.2494410312976}}