{"mean":{"confidence_interval":{"confidence_level":0.99,"lower_bound":-0.04900021470265836,"upper_bound":-0.04254396674144726},"point_estimate":-0.04590499629902178,"standard_error":0.001205494069534011},"median":{"confidence_interval":{"confidence_level":0.99,"lower_bound":-0.05350034684818576,"upper_bound":-0.05052207711786383},"point_estimate":-0.052115693849844824,"standard_error":0.000550084328905918}}