{"mean":{"confidence_interval":{"confidence_level":0.99,"lower_bound":15948.810854210524,"upper_bound":15967.755947814981},"point_estimate":15956.91159170655,"standard_error":3.7170620428316306},"median":{"confidence_interval":{"confidence_level":0.99,"lower_bound":15943.580542264754,"upper_bound":15943.846889952154},"point_estimate":15943.713716108454,"standard_error":0.05898867328120266},"median_abs_dev":{"confidence_interval":{"confidence_level":0.99,"lower_bound":0.8867224722939357,"upper_bound":2.1659674256601056},"point_estimate":1.2804272499946545,"standard_error":0.2096207048663179},"slope":null,"std_dev":{"confidence_interval":{"confidence_level":0.99,"lower_bound":30.44852252750473,"upper_bound":124.65085849884404},"point_estimate":83.21889986671896,"standard_error":17.90623669058461}}