{"mean":{"confidence_interval":{"confidence_level":0.99,"lower_bound":-0.004045619337862281,"upper_bound":0.00019457948394068782},"point_estimate":-0.0018330078156263419,"standard_error":0.0008292087455884015},"median":{"confidence_interval":{"confidence_level":0.99,"lower_bound":-0.0015067898229303555,"upper_bound":0.00021952267063090776},"point_estimate":-0.0007241369842337919,"standard_error":0.00031992386865800095}}