{"mean":{"confidence_interval":{"confidence_level":0.99,"lower_bound":31746.33642658061,"upper_bound":31824.279984806417},"point_estimate":31784.810703225776,"standard_error":15.085019373265729},"median":{"confidence_interval":{"confidence_level":0.99,"lower_bound":31823.925806451614,"upper_bound":31842.067741935483},"point_estimate":31833.064516129034,"standard_error":2.9637101390820244},"median_abs_dev":{"confidence_interval":{"confidence_level":0.99,"lower_bound":101.2328827188864,"upper_bound":123.55318619359419},"point_estimate":110.80282641995508,"standard_error":3.971997928261082},"slope":null,"std_dev":{"confidence_interval":{"confidence_level":0.99,"lower_bound":410.6984754401586,"upper_bound":542.7471248358859},"point_estimate":475.84635414839977,"standard_error":25.641764021710483}}