{"mean":{"confidence_interval":{"confidence_level":0.99,"lower_bound":-0.014566286870512323,"upper_bound":0.00290302710515999},"point_estimate":-0.005843651195519439,"standard_error":0.0032981132386960643},"median":{"confidence_interval":{"confidence_level":0.99,"lower_bound":-0.00980660812903933,"upper_bound":-0.0026581235600049947},"point_estimate":-0.005843608009724388,"standard_error":0.0014413540749856305}}