{"mean":{"confidence_interval":{"confidence_level":0.99,"lower_bound":16225.542652715438,"upper_bound":16286.739229430881},"point_estimate":16255.751092682905,"standard_error":11.824100450864902},"median":{"confidence_interval":{"confidence_level":0.99,"lower_bound":16117.073170731706,"upper_bound":16144.10650406504},"point_estimate":16129.30243902439,"standard_error":5.033556518931074},"median_abs_dev":{"confidence_interval":{"confidence_level":0.99,"lower_bound":90.70377887749201,"upper_bound":131.48612644614286},"point_estimate":108.08153808116859,"standard_error":7.883544450611634},"slope":null,"std_dev":{"confidence_interval":{"confidence_level":0.99,"lower_bound":240.734301981499,"upper_bound":286.4265326412346},"point_estimate":264.53134967942833,"standard_error":8.860430803035072}}