{"mean":{"confidence_interval":{"confidence_level":0.99,"lower_bound":0.05741722455481743,"upper_bound":0.07726825690019028},"point_estimate":0.066173865557835,"standard_error":0.003961312689409838},"median":{"confidence_interval":{"confidence_level":0.99,"lower_bound":0.0640891972745945,"upper_bound":0.08101132173104482},"point_estimate":0.07212212787516781,"standard_error":0.0035306081996613584}}