{"mean":{"confidence_interval":{"confidence_level":0.99,"lower_bound":-0.03965660277631153,"upper_bound":-0.03659697771425308},"point_estimate":-0.03812498361275696,"standard_error":0.0006004512908428525},"median":{"confidence_interval":{"confidence_level":0.99,"lower_bound":-0.04574001489974328,"upper_bound":-0.03733193951829017},"point_estimate":-0.0421858762134284,"standard_error":0.0015465157956780066}}