{"mean":{"confidence_interval":{"confidence_level":0.99,"lower_bound":-0.05041846955533975,"upper_bound":-0.044907023022283846},"point_estimate":-0.04757266630126589,"standard_error":0.0010095519292639017},"median":{"confidence_interval":{"confidence_level":0.99,"lower_bound":-0.050985070762594994,"upper_bound":-0.049558447317430365},"point_estimate":-0.050279635112406296,"standard_error":0.00031265339141125164}}