{"mean":{"confidence_interval":{"confidence_level":0.99,"lower_bound":-0.02415207118213164,"upper_bound":-0.019930566588480157},"point_estimate":-0.022068975723091744,"standard_error":0.0008187919725645532},"median":{"confidence_interval":{"confidence_level":0.99,"lower_bound":-0.022296448764481114,"upper_bound":-0.019385042495818294},"point_estimate":-0.021232783580213854,"standard_error":0.0005035888313415326}}