{"mean":{"confidence_interval":{"confidence_level":0.99,"lower_bound":0.11636867863574968,"upper_bound":0.1353292779786922},"point_estimate":0.1257028872334056,"standard_error":0.003680548713941516},"median":{"confidence_interval":{"confidence_level":0.99,"lower_bound":0.10603143943531923,"upper_bound":0.11054540629413688},"point_estimate":0.10849126170534085,"standard_error":0.0008055399328981128}}