{"mean":{"confidence_interval":{"confidence_level":0.99,"lower_bound":-0.06887681841970175,"upper_bound":-0.06496571504866136},"point_estimate":-0.06691335115954311,"standard_error":0.0007549970575650739},"median":{"confidence_interval":{"confidence_level":0.99,"lower_bound":-0.06854795929047541,"upper_bound":-0.06273562522314702},"point_estimate":-0.06542837250834665,"standard_error":0.001045724312728149}}