{"mean":{"confidence_interval":{"confidence_level":0.99,"lower_bound":-0.010074085265032446,"upper_bound":-0.006013235897038312},"point_estimate":-0.007954997952806409,"standard_error":0.0008017505009173205},"median":{"confidence_interval":{"confidence_level":0.99,"lower_bound":-0.009316499651352728,"upper_bound":-0.0022513626332536507},"point_estimate":-0.0067615296955882975,"standard_error":0.0016851311324881048}}