{"mean":{"confidence_interval":{"confidence_level":0.99,"lower_bound":8488.853168623313,"upper_bound":8537.835838851355},"point_estimate":8512.265427364857,"standard_error":9.520472544254085},"median":{"confidence_interval":{"confidence_level":0.99,"lower_bound":8391.751266891893,"upper_bound":8409.206503378378},"point_estimate":8395.25295608108,"standard_error":2.936121681928738},"median_abs_dev":{"confidence_interval":{"confidence_level":0.99,"lower_bound":20.843427248196836,"upper_bound":48.26226364190699},"point_estimate":31.800767678665157,"standard_error":5.3277123034313965},"slope":null,"std_dev":{"confidence_interval":{"confidence_level":0.99,"lower_bound":171.46232464713017,"upper_bound":255.50230325819666},"point_estimate":212.32429860612865,"standard_error":16.459726532220113}}