{"mean":{"confidence_interval":{"confidence_level":0.99,"lower_bound":-0.011669092349526027,"upper_bound":-0.009238874839326937},"point_estimate":-0.01049007248016176,"standard_error":0.00047612655407684506},"median":{"confidence_interval":{"confidence_level":0.99,"lower_bound":-0.010192710160661811,"upper_bound":-0.006260264280681382},"point_estimate":-0.008024033568555855,"standard_error":0.000737258297926231}}