{"mean":{"confidence_interval":{"confidence_level":0.99,"lower_bound":-0.022313385945693216,"upper_bound":-0.015328683974533505},"point_estimate":-0.01887683621410019,"standard_error":0.0013445980766771872},"median":{"confidence_interval":{"confidence_level":0.99,"lower_bound":-0.02885293127774903,"upper_bound":-0.025875843382636262},"point_estimate":-0.027586152110894102,"standard_error":0.0005879486980528042}}