{"mean":{"confidence_interval":{"confidence_level":0.99,"lower_bound":2705.3607366423207,"upper_bound":2719.7643566994225},"point_estimate":2712.376872915506,"standard_error":2.8062219521610547},"median":{"confidence_interval":{"confidence_level":0.99,"lower_bound":2673.3995726495727,"upper_bound":2681.620936280884},"point_estimate":2677.175368005442,"standard_error":1.5810822650749823},"median_abs_dev":{"confidence_interval":{"confidence_level":0.99,"lower_bound":22.70810960373372,"upper_bound":33.28107723006567},"point_estimate":27.88467596497837,"standard_error":1.9896478564844184},"slope":{"confidence_interval":{"confidence_level":0.99,"lower_bound":2689.8110109699655,"upper_bound":2698.956391751442},"point_estimate":2694.2977807207785,"standard_error":1.784675065563496},"std_dev":{"confidence_interval":{"confidence_level":0.99,"lower_bound":77.20143555433133,"upper_bound":99.89321009432413},"point_estimate":88.74229136344614,"standard_error":4.433717422110022}}