{"mean":{"confidence_interval":{"confidence_level":0.99,"lower_bound":10892.312048067692,"upper_bound":11042.612438744549},"point_estimate":10947.936246724894,"standard_error":30.11225734089124},"median":{"confidence_interval":{"confidence_level":0.99,"lower_bound":10844.045305676857,"upper_bound":10870.315502183406},"point_estimate":10858.147379912665,"standard_error":5.373726175929756},"median_abs_dev":{"confidence_interval":{"confidence_level":0.99,"lower_bound":99.27107443845792,"upper_bound":137.34120291814804},"point_estimate":118.6606010592916,"standard_error":7.714377233179486},"slope":null,"std_dev":{"confidence_interval":{"confidence_level":0.99,"lower_bound":174.3346580176989,"upper_bound":1235.600297533687},"point_estimate":675.199708284007,"standard_error":257.7442201879155}}