{"mean":{"confidence_interval":{"confidence_level":0.99,"lower_bound":0.007246122437760093,"upper_bound":0.011904318101320626},"point_estimate":0.009490201065328607,"standard_error":0.000914068504811617},"median":{"confidence_interval":{"confidence_level":0.99,"lower_bound":0.004513886719444324,"upper_bound":0.005656136312111926},"point_estimate":0.005153332206216943,"standard_error":0.0002152842314888731}}