{"mean":{"confidence_interval":{"confidence_level":0.99,"lower_bound":10951.073868236108,"upper_bound":11239.236071493371},"point_estimate":11081.101699743416,"standard_error":56.096279539464675},"median":{"confidence_interval":{"confidence_level":0.99,"lower_bound":10583.352510460252,"upper_bound":10690.550505050505},"point_estimate":10636.306752207132,"standard_error":20.21374513362218},"median_abs_dev":{"confidence_interval":{"confidence_level":0.99,"lower_bound":245.20022434394494,"upper_bound":370.66868594028506},"point_estimate":295.8305427703949,"standard_error":23.49465907414786},"slope":{"confidence_interval":{"confidence_level":0.99,"lower_bound":10788.015802125634,"upper_bound":11017.694264352513},"point_estimate":10898.207938983172,"standard_error":44.862378845892565},"std_dev":{"confidence_interval":{"confidence_level":0.99,"lower_bound":806.250968165424,"upper_bound":1886.4105371626292},"point_estimate":1254.729922064668,"standard_error":240.90085930845487}}