{"mean":{"confidence_interval":{"confidence_level":0.99,"lower_bound":-0.05728830942049152,"upper_bound":-0.052651947514437594},"point_estimate":-0.05502356256423113,"standard_error":0.0009336432852735272},"median":{"confidence_interval":{"confidence_level":0.99,"lower_bound":-0.058701199350113975,"upper_bound":-0.056107845241383826},"point_estimate":-0.057418843158978605,"standard_error":0.0005140669711877631}}