{"mean":{"confidence_interval":{"confidence_level":0.99,"lower_bound":-0.004088995122769308,"upper_bound":-0.002204436643415657},"point_estimate":-0.003135063490870782,"standard_error":0.0003573162505340937},"median":{"confidence_interval":{"confidence_level":0.99,"lower_bound":-0.0038460171885584815,"upper_bound":-0.0031547548492947466},"point_estimate":-0.003520068768185447,"standard_error":0.0001338163286872401}}