{"mean":{"confidence_interval":{"confidence_level":0.99,"lower_bound":29726.314802981,"upper_bound":30752.796802206496},"point_estimate":30221.919848268943,"standard_error":198.92983101733773},"median":{"confidence_interval":{"confidence_level":0.99,"lower_bound":29115.834235737937,"upper_bound":29536.609317646347},"point_estimate":29269.567679189982,"standard_error":85.58330215270504},"median_abs_dev":{"confidence_interval":{"confidence_level":0.99,"lower_bound":5170.941839654222,"upper_bound":6074.0510050352},"point_estimate":5522.00666511461,"standard_error":180.98530313442285},"slope":{"confidence_interval":{"confidence_level":0.99,"lower_bound":29115.352096148334,"upper_bound":30263.348512504017},"point_estimate":29685.662260374356,"standard_error":223.92047144555636},"std_dev":{"confidence_interval":{"confidence_level":0.99,"lower_bound":3747.644010901924,"upper_bound":5577.864692023102},"point_estimate":4452.6108006264985,"standard_error":386.59572792850287}}