{"mean":{"confidence_interval":{"confidence_level":0.99,"lower_bound":10177.894791921075,"upper_bound":10197.735641619945},"point_estimate":10187.329005192103,"standard_error":3.8503208204534225},"median":{"confidence_interval":{"confidence_level":0.99,"lower_bound":10165.281412253375,"upper_bound":10183.454309449637},"point_estimate":10172.31308411215,"standard_error":4.173009748038019},"median_abs_dev":{"confidence_interval":{"confidence_level":0.99,"lower_bound":40.9908871227337,"upper_bound":60.682678361918605},"point_estimate":51.351381954375064,"standard_error":3.976020978152117},"slope":null,"std_dev":{"confidence_interval":{"confidence_level":0.99,"lower_bound":65.07371038956599,"upper_bound":108.50434322005937},"point_estimate":86.21831852161371,"standard_error":8.606617424587707}}