{"mean":{"confidence_interval":{"confidence_level":0.99,"lower_bound":-0.03872093338054874,"upper_bound":-0.034731047517189834},"point_estimate":-0.036769413918301685,"standard_error":0.0007536364104682561},"median":{"confidence_interval":{"confidence_level":0.99,"lower_bound":-0.03704145756718902,"upper_bound":-0.03272428978062772},"point_estimate":-0.03462913157116643,"standard_error":0.0007731515073902352}}