{"mean":{"confidence_interval":{"confidence_level":0.99,"lower_bound":-0.004694972641470807,"upper_bound":0.000656323788366367},"point_estimate":-0.0019985218557352358,"standard_error":0.0010418848453259445},"median":{"confidence_interval":{"confidence_level":0.99,"lower_bound":-0.001698728588184761,"upper_bound":0.0002455671674233246},"point_estimate":-0.000634580609379376,"standard_error":0.0004076485700182837}}