{"mean":{"confidence_interval":{"confidence_level":0.99,"lower_bound":-0.004333527475059535,"upper_bound":0.0011056008091106253},"point_estimate":-0.0016209293085439613,"standard_error":0.001047184194669861},"median":{"confidence_interval":{"confidence_level":0.99,"lower_bound":-0.0010462021398950706,"upper_bound":-0.0001497250372854009},"point_estimate":-0.0006383427192012681,"standard_error":0.00016353475368791775}}