{"mean":{"confidence_interval":{"confidence_level":0.99,"lower_bound":18733.157621887847,"upper_bound":18759.10999123364},"point_estimate":18745.109783177555,"standard_error":5.092454924372644},"median":{"confidence_interval":{"confidence_level":0.99,"lower_bound":18718.342056074765,"upper_bound":18723.83196728972},"point_estimate":18719.859813084113,"standard_error":1.4933591367916133},"median_abs_dev":{"confidence_interval":{"confidence_level":0.99,"lower_bound":12.356847257256653,"upper_bound":21.535111019546488},"point_estimate":17.205087731931417,"standard_error":1.5128248323032614},"slope":null,"std_dev":{"confidence_interval":{"confidence_level":0.99,"lower_bound":72.22053161729349,"upper_bound":154.12659203831214},"point_estimate":114.59766600116987,"standard_error":16.059419818317366}}