{"mean":{"confidence_interval":{"confidence_level":0.99,"lower_bound":78543.33683137097,"upper_bound":79459.57478830645},"point_estimate":79007.5791451613,"standard_error":178.1003256588672},"median":{"confidence_interval":{"confidence_level":0.99,"lower_bound":79186.82258064517,"upper_bound":80356.85483870968},"point_estimate":79568.21370967742,"standard_error":223.23974802631363},"median_abs_dev":{"confidence_interval":{"confidence_level":0.99,"lower_bound":4129.710218953146,"upper_bound":4943.497657074085},"point_estimate":4633.621110478707,"standard_error":151.89573396796328},"slope":null,"std_dev":{"confidence_interval":{"confidence_level":0.99,"lower_bound":3742.717555240673,"upper_bound":4219.932259661246},"point_estimate":3989.093484565582,"standard_error":92.7554903585092}}