{"mean":{"confidence_interval":{"confidence_level":0.99,"lower_bound":62316.841747151826,"upper_bound":62442.54700797464},"point_estimate":62379.74124050632,"standard_error":24.219966862364355},"median":{"confidence_interval":{"confidence_level":0.99,"lower_bound":62534.27848101266,"upper_bound":62618.41139240506},"point_estimate":62576.734177215185,"standard_error":16.84887568832402},"median_abs_dev":{"confidence_interval":{"confidence_level":0.99,"lower_bound":439.8424650140158,"upper_bound":667.01985144917},"point_estimate":562.6373064668994,"standard_error":44.477653571032945},"slope":null,"std_dev":{"confidence_interval":{"confidence_level":0.99,"lower_bound":707.0159545508282,"upper_bound":827.8954738874959},"point_estimate":765.6682928235083,"standard_error":23.583388778769567}}