{"mean":{"confidence_interval":{"confidence_level":0.99,"lower_bound":61777.60550424995,"upper_bound":61990.135073500016},"point_estimate":61884.409312500014,"standard_error":41.48438288034732},"median":{"confidence_interval":{"confidence_level":0.99,"lower_bound":60935.15625,"upper_bound":62998.9625},"point_estimate":62918.743749999994,"standard_error":465.4393781038712},"median_abs_dev":{"confidence_interval":{"confidence_level":0.99,"lower_bound":456.76116047837274,"upper_bound":1982.5975485518595},"point_estimate":667.9390868917151,"standard_error":408.0257199167328},"slope":null,"std_dev":{"confidence_interval":{"confidence_level":0.99,"lower_bound":1299.1715377687278,"upper_bound":1327.871986495369},"point_estimate":1314.8719949033464,"standard_error":5.528991558749547}}