{"mean":{"confidence_interval":{"confidence_level":0.99,"lower_bound":-0.053244256366716966,"upper_bound":-0.04868059195979972},"point_estimate":-0.050851108312052196,"standard_error":0.0008936453075676114},"median":{"confidence_interval":{"confidence_level":0.99,"lower_bound":-0.051146307676738556,"upper_bound":-0.049367683860935464},"point_estimate":-0.050076628592408357,"standard_error":0.0003614388668994928}}