{"mean":{"confidence_interval":{"confidence_level":0.99,"lower_bound":0.010266560975530714,"upper_bound":0.011630161605476792},"point_estimate":0.010941728315890575,"standard_error":0.00025680718211480437},"median":{"confidence_interval":{"confidence_level":0.99,"lower_bound":0.010047408703081295,"upper_bound":0.01075080901340253},"point_estimate":0.010417932560333965,"standard_error":0.00012888556591134968}}