{"mean":{"confidence_interval":{"confidence_level":0.99,"lower_bound":27866.671457375687,"upper_bound":28278.56934207183},"point_estimate":28020.24263535911,"standard_error":82.45980119351968},"median":{"confidence_interval":{"confidence_level":0.99,"lower_bound":27716.618784530387,"upper_bound":27773.829309392266},"point_estimate":27740.447513812156,"standard_error":11.97044273345587},"median_abs_dev":{"confidence_interval":{"confidence_level":0.99,"lower_bound":175.77410406170256,"upper_bound":237.7197521332182},"point_estimate":202.55919750882595,"standard_error":12.35417278479351},"slope":null,"std_dev":{"confidence_interval":{"confidence_level":0.99,"lower_bound":423.6384618892655,"upper_bound":4657.59022746186},"point_estimate":2607.5345054565814,"standard_error":919.1738095385106}}