{"mean":{"confidence_interval":{"confidence_level":0.99,"lower_bound":-0.005348172271311286,"upper_bound":0.0007891720706384084},"point_estimate":-0.0020327610699205634,"standard_error":0.0011809264149957072},"median":{"confidence_interval":{"confidence_level":0.99,"lower_bound":0.0005997021758286092,"upper_bound":0.0018991299973418752},"point_estimate":0.0012977402745999456,"standard_error":0.00024001770043571816}}