{"mean":{"confidence_interval":{"confidence_level":0.99,"lower_bound":-0.017727203448905673,"upper_bound":-0.011993768869034869},"point_estimate":-0.014960023244899645,"standard_error":0.0011778365285942506},"median":{"confidence_interval":{"confidence_level":0.99,"lower_bound":-0.0026418339500892184,"upper_bound":-0.0013397433347709857},"point_estimate":-0.002019528871468057,"standard_error":0.0002812176401632305}}