{"mean":{"confidence_interval":{"confidence_level":0.99,"lower_bound":0.0003597165694890475,"upper_bound":0.006598547083876784},"point_estimate":0.003467633943078585,"standard_error":0.0012150190361187201},"median":{"confidence_interval":{"confidence_level":0.99,"lower_bound":-0.0015094247945875387,"upper_bound":-0.0006640879625222872},"point_estimate":-0.0011274073944289587,"standard_error":0.00016887654773985766}}