{"mean":{"confidence_interval":{"confidence_level":0.99,"lower_bound":-0.062291085713129954,"upper_bound":-0.05547830249522564},"point_estimate":-0.0588960209822561,"standard_error":0.001319551592010335},"median":{"confidence_interval":{"confidence_level":0.99,"lower_bound":-0.08767481585333772,"upper_bound":-0.08675296083465159},"point_estimate":-0.08722593870765138,"standard_error":0.00018986114330517878}}