{"mean":{"confidence_interval":{"confidence_level":0.99,"lower_bound":32029.009846624227,"upper_bound":32048.053574936377},"point_estimate":32037.718675159344,"standard_error":3.706861822508119},"median":{"confidence_interval":{"confidence_level":0.99,"lower_bound":32007.43312101911,"upper_bound":32026.273885350318},"point_estimate":32022.554140127388,"standard_error":2.901912221741603},"median_abs_dev":{"confidence_interval":{"confidence_level":0.99,"lower_bound":52.33011308369441,"upper_bound":62.36363201384273},"point_estimate":59.01597793314748,"standard_error":1.516771910462485},"slope":null,"std_dev":{"confidence_interval":{"confidence_level":0.99,"lower_bound":75.26281446424815,"upper_bound":158.57743022756642},"point_estimate":117.27177361919725,"standard_error":16.506599863948892}}