{"mean":{"confidence_interval":{"confidence_level":0.99,"lower_bound":17889.52788022586,"upper_bound":17949.685759164433},"point_estimate":17917.114390204213,"standard_error":11.743636862113433},"median":{"confidence_interval":{"confidence_level":0.99,"lower_bound":17847.37614533965,"upper_bound":17860.367670877873},"point_estimate":17852.874650147103,"standard_error":2.812036744539777},"median_abs_dev":{"confidence_interval":{"confidence_level":0.99,"lower_bound":39.882643703042625,"upper_bound":52.952716965229335},"point_estimate":45.017797355864616,"standard_error":2.351497202980353},"slope":{"confidence_interval":{"confidence_level":0.99,"lower_bound":17848.65519540769,"upper_bound":17865.356541414043},"point_estimate":17856.397968817608,"standard_error":3.233979067018819},"std_dev":{"confidence_interval":{"confidence_level":0.99,"lower_bound":177.9182661142223,"upper_bound":357.6634707073531},"point_estimate":262.3684361625423,"standard_error":36.076191347951315}}