{"mean":{"confidence_interval":{"confidence_level":0.99,"lower_bound":0.011838095654623935,"upper_bound":0.025658378233305187},"point_estimate":0.0196944987252754,"standard_error":0.0026879094523259857},"median":{"confidence_interval":{"confidence_level":0.99,"lower_bound":0.011440566654887425,"upper_bound":0.022132136326667044},"point_estimate":0.01861324135999398,"standard_error":0.002282455429549915}}