{"mean":{"confidence_interval":{"confidence_level":0.99,"lower_bound":-0.007731551214015076,"upper_bound":-0.0031182819799034727},"point_estimate":-0.005366949352885619,"standard_error":0.0009002491333321406},"median":{"confidence_interval":{"confidence_level":0.99,"lower_bound":-0.0016970137444503042,"upper_bound":-0.0009477888050706582},"point_estimate":-0.0012973126633972765,"standard_error":0.0001464555857250359}}