{"mean":{"confidence_interval":{"confidence_level":0.99,"lower_bound":-0.08683123771812627,"upper_bound":-0.0792285700940915},"point_estimate":-0.08298968613863578,"standard_error":0.001482126148031471},"median":{"confidence_interval":{"confidence_level":0.99,"lower_bound":-0.08723922479296264,"upper_bound":-0.07961809506959186},"point_estimate":-0.08384726033544065,"standard_error":0.0010243541318515296}}