{"mean":{"confidence_interval":{"confidence_level":0.99,"lower_bound":-0.01408635442544414,"upper_bound":-0.004238287180520994},"point_estimate":-0.008807919249854579,"standard_error":0.0019078961593067187},"median":{"confidence_interval":{"confidence_level":0.99,"lower_bound":-0.008281301246438427,"upper_bound":0.0005842168699255646},"point_estimate":-0.004225705767553656,"standard_error":0.0017838284909787595}}