{"mean":{"confidence_interval":{"confidence_level":0.99,"lower_bound":-0.06479532683471428,"upper_bound":-0.0579511708166404},"point_estimate":-0.061681493265951404,"standard_error":0.001380230634612503},"median":{"confidence_interval":{"confidence_level":0.99,"lower_bound":-0.06934777163924032,"upper_bound":-0.06834779399151916},"point_estimate":-0.06887880247623612,"standard_error":0.00020421975852134668}}