{"mean":{"confidence_interval":{"confidence_level":0.99,"lower_bound":6098.93169405232,"upper_bound":6116.55422171851},"point_estimate":6106.979541987695,"standard_error":3.3971059984562455},"median":{"confidence_interval":{"confidence_level":0.99,"lower_bound":6082.508791208791,"upper_bound":6086.56918711874},"point_estimate":6084.019204287775,"standard_error":0.8457104960750059},"median_abs_dev":{"confidence_interval":{"confidence_level":0.99,"lower_bound":12.248933989807943,"upper_bound":18.20226663353809},"point_estimate":14.419095099732061,"standard_error":1.2351097868587075},"slope":{"confidence_interval":{"confidence_level":0.99,"lower_bound":6093.448309714727,"upper_bound":6116.178620703965},"point_estimate":6103.814130239307,"standard_error":4.427449055433906},"std_dev":{"confidence_interval":{"confidence_level":0.99,"lower_bound":53.22927043919871,"upper_bound":109.17945985374816},"point_estimate":76.322775340509,"standard_error":11.903081366572273}}