{"mean":{"confidence_interval":{"confidence_level":0.99,"lower_bound":35007.19001384615,"upper_bound":35063.53339006992},"point_estimate":35034.229342657316,"standard_error":10.985570277298832},"median":{"confidence_interval":{"confidence_level":0.99,"lower_bound":34916.08391608392,"upper_bound":34926.27972027972},"point_estimate":34921.61888111888,"standard_error":2.238600826321064},"median_abs_dev":{"confidence_interval":{"confidence_level":0.99,"lower_bound":104.53884989231496,"upper_bound":120.96149575459921},"point_estimate":113.18043785077516,"standard_error":3.298143653603348},"slope":null,"std_dev":{"confidence_interval":{"confidence_level":0.99,"lower_bound":289.15852627452927,"upper_bound":405.06040102119056},"point_estimate":348.14849609807607,"standard_error":22.548677834275004}}