{"mean":{"confidence_interval":{"confidence_level":0.99,"lower_bound":34824.41156236109,"upper_bound":34844.903883472216},"point_estimate":34833.77543749998,"standard_error":3.9947808298041068},"median":{"confidence_interval":{"confidence_level":0.99,"lower_bound":34782.98611111111,"upper_bound":34827.84027777778},"point_estimate":34786.166666666664,"standard_error":7.442208652287062},"median_abs_dev":{"confidence_interval":{"confidence_level":0.99,"lower_bound":25.528518296778202,"upper_bound":69.5071695993356},"point_estimate":32.60175567120134,"standard_error":8.676625987188332},"slope":null,"std_dev":{"confidence_interval":{"confidence_level":0.99,"lower_bound":81.5272176344951,"upper_bound":170.2299986070874},"point_estimate":126.6790092796075,"standard_error":17.402381337074868}}