{"mean":{"confidence_interval":{"confidence_level":0.99,"lower_bound":-0.015800101803747697,"upper_bound":-0.009361201498849812},"point_estimate":-0.013020227061252054,"standard_error":0.0012274509744067373},"median":{"confidence_interval":{"confidence_level":0.99,"lower_bound":-0.011903704286786847,"upper_bound":-0.011338914524216648},"point_estimate":-0.01159018117446764,"standard_error":0.0001087448401163724}}