{"mean":{"confidence_interval":{"confidence_level":0.99,"lower_bound":-0.04265620383644352,"upper_bound":-0.03543846364279787},"point_estimate":-0.0389617409989752,"standard_error":0.0014075293922173097},"median":{"confidence_interval":{"confidence_level":0.99,"lower_bound":-0.03270909717501167,"upper_bound":-0.030396850899225853},"point_estimate":-0.03150292851021563,"standard_error":0.0005105810708040094}}