{"mean":{"confidence_interval":{"confidence_level":0.99,"lower_bound":-0.005273920050747019,"upper_bound":-0.0006536235485056515},"point_estimate":-0.0029739256119470925,"standard_error":0.0009042306945564883},"median":{"confidence_interval":{"confidence_level":0.99,"lower_bound":-0.0027254334318477977,"upper_bound":-0.0013757022120644052},"point_estimate":-0.0019318187470866999,"standard_error":0.00027368306060983414}}