{"mean":{"confidence_interval":{"confidence_level":0.99,"lower_bound":-0.03233017392125169,"upper_bound":-0.027680818482712477},"point_estimate":-0.030005619232179703,"standard_error":0.0008833908544023374},"median":{"confidence_interval":{"confidence_level":0.99,"lower_bound":-0.03153106922589491,"upper_bound":-0.02896624608155207},"point_estimate":-0.030239616494149746,"standard_error":0.0005094291271140228}}