{"mean":{"confidence_interval":{"confidence_level":0.99,"lower_bound":0.0068856626681417675,"upper_bound":0.014692203877817469},"point_estimate":0.010967237984110145,"standard_error":0.0015988887670759574},"median":{"confidence_interval":{"confidence_level":0.99,"lower_bound":-0.000453543575815174,"upper_bound":0.0013986771768010886},"point_estimate":0.00033553837717814616,"standard_error":0.00035653310944777443}}