{"mean":{"confidence_interval":{"confidence_level":0.99,"lower_bound":6887.870160264481,"upper_bound":6921.903115287659},"point_estimate":6904.233911895398,"standard_error":6.631965253287359},"median":{"confidence_interval":{"confidence_level":0.99,"lower_bound":6816.840600775194,"upper_bound":6843.362962962963},"point_estimate":6823.299063239658,"standard_error":5.395483168408463},"median_abs_dev":{"confidence_interval":{"confidence_level":0.99,"lower_bound":19.97444245713875,"upper_bound":59.0394699411903},"point_estimate":31.538816208946383,"standard_error":7.762644843122374},"slope":{"confidence_interval":{"confidence_level":0.99,"lower_bound":6837.3416126450065,"upper_bound":6852.881498958012},"point_estimate":6844.602712720413,"standard_error":3.021426226686816},"std_dev":{"confidence_interval":{"confidence_level":0.99,"lower_bound":123.03176612959871,"upper_bound":175.15960487069714},"point_estimate":148.47255702041255,"standard_error":10.227548618992008}}