{"mean":{"confidence_interval":{"confidence_level":0.99,"lower_bound":-0.011711632351951311,"upper_bound":0.03248560723810819},"point_estimate":0.01025960944922577,"standard_error":0.008363521799970259},"median":{"confidence_interval":{"confidence_level":0.99,"lower_bound":-0.019938900428611978,"upper_bound":-0.009124050395622252},"point_estimate":-0.013896672845200353,"standard_error":0.0019654293798066656}}