{"mean":{"confidence_interval":{"confidence_level":0.99,"lower_bound":6866.519442771181,"upper_bound":6889.733194834216},"point_estimate":6877.651663057154,"standard_error":4.505087268595845},"median":{"confidence_interval":{"confidence_level":0.99,"lower_bound":6831.380856760375,"upper_bound":6839.564497716895},"point_estimate":6835.129693301508,"standard_error":1.5333237402964086},"median_abs_dev":{"confidence_interval":{"confidence_level":0.99,"lower_bound":24.14331726554887,"upper_bound":37.85117257989808},"point_estimate":30.111751329657334,"standard_error":2.6011230298003074},"slope":{"confidence_interval":{"confidence_level":0.99,"lower_bound":6856.805837901912,"upper_bound":6877.199797705116},"point_estimate":6866.398263397281,"standard_error":3.9758598822401274},"std_dev":{"confidence_interval":{"confidence_level":0.99,"lower_bound":85.76605848802714,"upper_bound":116.21876226269868},"point_estimate":100.94419587570395,"standard_error":5.9050190782242}}